DATE,shift start time,shift end time,first sunrise,first sunset,second_sunrise,Darkness (minutes),% of Shift
2022-03-03,06:30:00,14:30:00,06:27:29,19:04:00,,0.0,0.0
2022-03-03,14:30:00,22:30:00,06:27:29,19:04:00,,206.0,42.9
2022-03-03,22:30:00,06:30:00,06:28:36,19:02:25,2022-03-04 06:28:36,478.6,99.7
2022-03-04,06:30:00,14:30:00,06:28:36,19:02:25,,0.0,0.0
2022-03-04,14:30:00,22:30:00,06:28:36,19:02:25,,207.6,43.3
2022-03-04,22:30:00,06:30:00,06:29:43,19:00:50,2022-03-05 06:29:43,479.7,99.9
2022-03-05,06:30:00,14:30:00,06:29:43,19:00:50,,0.0,0.0
2022-03-05,14:30:00,22:30:00,06:29:43,19:00:50,,209.2,43.6
2022-03-05,22:30:00,06:30:00,06:30:49,18:59:15,2022-03-06 06:30:49,480,100
2022-03-06,06:30:00,14:30:00,06:30:49,18:59:15,,0.8,0.2
2022-03-06,14:30:00,22:30:00,06:30:49,18:59:15,,210.8,43.9
2022-03-06,22:30:00,06:30:00,06:31:55,18:57:39,2022-03-07 06:31:55,480,100
2022-03-07,06:30:00,14:30:00,06:31:55,18:57:39,,1.9,0.4
2022-03-07,14:30:00,22:30:00,06:31:55,18:57:39,,212.4,44.3
2022-03-07,22:30:00,06:30:00,06:33:01,18:56:02,2022-03-08 06:33:01,480,100
2022-03-08,06:30:00,14:30:00,06:33:01,18:56:02,,3.0,0.6
2022-03-08,14:30:00,22:30:00,06:33:01,18:56:02,,214.0,44.6
2022-03-08,22:30:00,06:30:00,06:34:07,18:54:24,2022-03-09 06:34:07,480,100
2022-03-09,06:30:00,14:30:00,06:34:07,18:54:24,,4.1,0.9
2022-03-09,14:30:00,22:30:00,06:34:07,18:54:24,,215.6,44.9
2022-03-09,22:30:00,06:30:00,06:35:12,18:52:47,2022-03-10 06:35:12,480,100
2022-03-10,06:30:00,14:30:00,06:35:12,18:52:47,,5.2,1.1
2022-03-10,14:30:00,22:30:00,06:35:12,18:52:47,,217.2,45.2
2022-03-10,22:30:00,06:30:00,06:36:17,18:51:09,2022-03-11 06:36:17,480,100
2022-03-11,06:30:00,14:30:00,06:36:17,18:51:09,,6.3,1.3
2022-03-11,14:30:00,22:30:00,06:36:17,18:51:09,,218.9,45.6
2022-03-11,22:30:00,06:30:00,08:37:22,18:49:30,2022-03-12 08:37:22,480,100
2022-03-12,06:30:00,14:30:00,08:37:22,18:49:30,,127.4,26.5
2022-03-12,14:30:00,22:30:00,08:37:22,18:49:30,,220.5,45.9
2022-03-12,22:30:00,07:30:00,08:38:27,20:47:51,2022-03-13 08:38:27,480,100
2022-03-13,07:30:00,15:30:00,08:38:27,20:47:51,,68.5,14.3
2022-03-13,15:30:00,23:30:00,08:38:27,20:47:51,,162.2,33.8
2022-03-13,23:30:00,07:30:00,08:39:31,20:46:12,2022-03-14 08:39:31,480,100
2022-03-14,07:30:00,15:30:00,08:39:31,20:46:12,,69.5,14.5
2022-03-14,15:30:00,23:30:00,08:39:31,20:46:12,,163.8,34.1
2022-03-14,23:30:00,07:30:00,08:40:35,20:44:32,2022-03-15 08:40:35,480,100
2022-03-15,07:30:00,15:30:00,08:40:35,20:44:32,,70.6,14.7
2022-03-15,15:30:00,23:30:00,08:40:35,20:44:32,,165.5,34.5
2022-03-15,23:30:00,07:30:00,08:41:39,20:42:52,2022-03-16 08:41:39,480,100
2022-03-16,07:30:00,15:30:00,08:41:39,20:42:52,,71.7,14.9
2022-03-16,15:30:00,23:30:00,08:41:39,20:42:52,,167.1,34.8
2022-03-16,23:30:00,07:30:00,08:42:43,20:41:12,2022-03-17 08:42:43,480,100
2022-03-17,07:30:00,15:30:00,08:42:43,20:41:12,,72.7,15.1
2022-03-17,15:30:00,23:30:00,08:42:43,20:41:12,,168.8,35.2
2022-03-17,23:30:00,07:30:00,08:43:47,20:39:32,2022-03-18 08:43:47,480,100
2022-03-18,07:30:00,15:30:00,08:43:47,20:39:32,,73.8,15.4
2022-03-18,15:30:00,23:30:00,08:43:47,20:39:32,,170.5,35.5
2022-03-18,23:30:00,07:30:00,08:44:50,20:37:52,2022-03-19 08:44:50,480,100
2022-03-19,07:30:00,15:30:00,08:44:50,20:37:52,,74.8,15.6
2022-03-19,15:30:00,23:30:00,08:44:50,20:37:52,,172.1,35.9
2022-03-19,23:30:00,07:30:00,08:45:53,20:36:11,2022-03-20 08:45:53,480,100
2022-03-20,07:30:00,15:30:00,08:45:53,20:36:11,,75.9,15.8
2022-03-20,15:30:00,23:30:00,08:45:53,20:36:11,,173.8,36.2
2022-03-20,23:30:00,07:30:00,08:46:56,20:34:31,2022-03-21 08:46:56,480,100
2022-03-21,07:30:00,15:30:00,08:46:56,20:34:31,,76.9,16.0
2022-03-21,15:30:00,23:30:00,08:46:56,20:34:31,,175.5,36.6
2022-03-21,23:30:00,07:30:00,08:47:59,20:32:50,2022-03-22 08:47:59,480,100
2022-03-22,07:30:00,15:30:00,08:47:59,20:32:50,,78.0,16.3
2022-03-22,15:30:00,23:30:00,08:47:59,20:32:50,,177.2,36.9
2022-03-22,23:30:00,07:30:00,08:49:02,20:31:09,2022-03-23 08:49:02,480,100
2022-03-23,07:30:00,15:30:00,08:49:02,20:31:09,,79.0,16.5
2022-03-23,15:30:00,23:30:00,08:49:02,20:31:09,,178.9,37.3
2022-03-23,23:30:00,07:30:00,08:50:05,20:29:29,2022-03-24 08:50:05,480,100
2022-03-24,07:30:00,15:30:00,08:50:05,20:29:29,,80.1,16.7
2022-03-24,15:30:00,23:30:00,08:50:05,20:29:29,,180.5,37.6
2022-03-24,23:30:00,07:30:00,08:51:07,20:27:48,2022-03-25 08:51:07,480,100
2022-03-25,07:30:00,15:30:00,08:51:07,20:27:48,,81.1,16.9
2022-03-25,15:30:00,23:30:00,08:51:07,20:27:48,,182.2,38.0
2022-03-25,23:30:00,07:30:00,08:52:10,20:26:08,2022-03-26 08:52:10,480,100
2022-03-26,07:30:00,15:30:00,08:52:10,20:26:08,,82.2,17.1
2022-03-26,15:30:00,23:30:00,08:52:10,20:26:08,,183.9,38.3
2022-03-26,23:30:00,07:30:00,08:53:13,20:24:27,2022-03-27 08:53:13,480,100
2022-03-27,07:30:00,15:30:00,08:53:13,20:24:27,,83.2,17.3
2022-03-27,15:30:00,23:30:00,08:53:13,20:24:27,,185.6,38.7
2022-03-27,23:30:00,07:30:00,08:54:15,20:22:47,2022-03-28 08:54:15,480,100
2022-03-28,07:30:00,15:30:00,08:54:15,20:22:47,,84.3,17.6
2022-03-28,15:30:00,23:30:00,08:54:15,20:22:47,,187.2,39.0
2022-03-28,23:30:00,07:30:00,08:55:18,20:21:07,2022-03-29 08:55:18,480,100
2022-03-29,07:30:00,15:30:00,08:55:18,20:21:07,,85.3,17.8
2022-03-29,15:30:00,23:30:00,08:55:18,20:21:07,,188.9,39.4
2022-03-29,23:30:00,07:30:00,08:56:20,20:19:27,2022-03-30 08:56:20,480,100
2022-03-30,07:30:00,15:30:00,08:56:20,20:19:27,,86.3,18.0
2022-03-30,15:30:00,23:30:00,08:56:20,20:19:27,,190.6,39.7
2022-03-30,23:30:00,07:30:00,08:57:22,20:17:48,2022-03-31 08:57:22,480,100
2022-03-31,07:30:00,15:30:00,08:57:22,20:17:48,,87.4,18.2
2022-03-31,15:30:00,23:30:00,08:57:22,20:17:48,,192.2,40.0
2022-03-31,23:30:00,07:30:00,08:58:25,20:16:09,2022-04-01 08:58:25,480,100
2022-04-01,07:30:00,15:30:00,08:58:25,20:16:09,,88.4,18.4
2022-04-01,15:30:00,23:30:00,08:58:25,20:16:09,,193.9,40.4
2022-04-01,23:30:00,07:30:00,08:59:27,20:14:30,2022-04-02 08:59:27,480,100
2022-04-02,07:30:00,15:30:00,08:59:27,20:14:30,,89.5,18.6
2022-04-02,15:30:00,23:30:00,08:59:27,20:14:30,,195.5,40.7
2022-04-02,23:30:00,07:30:00,09:00:30,20:12:51,2022-04-03 09:00:30,480,100
2022-04-03,07:30:00,15:30:00,09:00:30,20:12:51,,90.5,18.9
2022-04-03,15:30:00,23:30:00,09:00:30,20:12:51,,197.2,41.1
2022-04-03,23:30:00,07:30:00,09:01:32,20:11:13,2022-04-04 09:01:32,480,100
2022-04-04,07:30:00,15:30:00,09:01:32,20:11:13,,91.5,19.1
2022-04-04,15:30:00,23:30:00,09:01:32,20:11:13,,198.8,41.4
2022-04-04,23:30:00,07:30:00,09:02:35,20:09:35,2022-04-05 09:02:35,480,100
2022-04-05,07:30:00,15:30:00,09:02:35,20:09:35,,92.6,19.3
2022-04-05,15:30:00,23:30:00,09:02:35,20:09:35,,200.4,41.8
2022-04-05,23:30:00,07:30:00,09:03:37,20:07:58,2022-04-06 09:03:37,480,100
2022-04-06,07:30:00,15:30:00,09:03:37,20:07:58,,93.6,19.5
2022-04-06,15:30:00,23:30:00,09:03:37,20:07:58,,202.0,42.1
2022-04-06,23:30:00,07:30:00,09:04:40,20:06:21,2022-04-07 09:04:40,480,100
2022-04-07,07:30:00,15:30:00,09:04:40,20:06:21,,94.7,19.7
2022-04-07,15:30:00,23:30:00,09:04:40,20:06:21,,203.7,42.4
2022-04-07,23:30:00,07:30:00,09:05:43,20:04:45,2022-04-08 09:05:43,480,100
2022-04-08,07:30:00,15:30:00,09:05:43,20:04:45,,95.7,19.9
2022-04-08,15:30:00,23:30:00,09:05:43,20:04:45,,205.3,42.8
2022-04-08,23:30:00,07:30:00,09:06:46,20:03:09,2022-04-09 09:06:46,480,100
2022-04-09,07:30:00,15:30:00,09:06:46,20:03:09,,96.8,20.2
2022-04-09,15:30:00,23:30:00,09:06:46,20:03:09,,206.9,43.1
2022-04-09,23:30:00,07:30:00,09:07:48,20:01:34,2022-04-10 09:07:48,480,100
2022-04-10,07:30:00,15:30:00,09:07:48,20:01:34,,97.8,20.4
2022-04-10,15:30:00,23:30:00,09:07:48,20:01:34,,208.4,43.4
2022-04-10,23:30:00,07:30:00,09:08:51,19:59:59,2022-04-11 09:08:51,480,100
2022-04-11,07:30:00,15:30:00,09:08:51,19:59:59,,98.9,20.6
2022-04-11,15:30:00,23:30:00,09:08:51,19:59:59,,210.0,43.8
2022-04-11,23:30:00,07:30:00,09:09:54,19:58:25,2022-04-12 09:09:54,480,100
2022-04-12,07:30:00,15:30:00,09:09:54,19:58:25,,99.9,20.8
2022-04-12,15:30:00,23:30:00,09:09:54,19:58:25,,211.6,44.1
2022-04-12,23:30:00,07:30:00,09:10:58,19:56:52,2022-04-13 09:10:58,480,100
2022-04-13,07:30:00,15:30:00,09:10:58,19:56:52,,101.0,21.0
2022-04-13,15:30:00,23:30:00,09:10:58,19:56:52,,213.1,44.4
2022-04-13,23:30:00,07:30:00,09:12:01,19:55:20,2022-04-14 09:12:01,480,100
2022-04-14,07:30:00,15:30:00,09:12:01,19:55:20,,102.0,21.3
2022-04-14,15:30:00,23:30:00,09:12:01,19:55:20,,214.7,44.7
2022-04-14,23:30:00,07:30:00,09:13:04,19:53:48,2022-04-15 09:13:04,480,100
2022-04-15,07:30:00,15:30:00,09:13:04,19:53:48,,103.1,21.5
2022-04-15,15:30:00,23:30:00,09:13:04,19:53:48,,216.2,45.0
2022-04-15,23:30:00,07:30:00,09:14:07,19:52:17,2022-04-16 09:14:07,480,100
2022-04-16,07:30:00,15:30:00,09:14:07,19:52:17,,104.1,21.7
2022-04-16,15:30:00,23:30:00,09:14:07,19:52:17,,217.7,45.4
2022-04-16,23:30:00,07:30:00,09:15:11,19:50:47,2022-04-17 09:15:11,480,100
2022-04-17,07:30:00,15:30:00,09:15:11,19:50:47,,105.2,21.9
2022-04-17,15:30:00,23:30:00,09:15:11,19:50:47,,219.2,45.7
2022-04-17,23:30:00,07:30:00,09:16:14,19:49:17,2022-04-18 09:16:14,480,100
2022-04-18,07:30:00,15:30:00,09:16:14,19:49:17,,106.2,22.1
2022-04-18,15:30:00,23:30:00,09:16:14,19:49:17,,220.7,46.0
2022-04-18,23:30:00,07:30:00,09:17:18,19:47:49,2022-04-19 09:17:18,480,100
2022-04-19,07:30:00,15:30:00,09:17:18,19:47:49,,107.3,22.4
2022-04-19,15:30:00,23:30:00,09:17:18,19:47:49,,222.2,46.3
2022-04-19,23:30:00,07:30:00,09:18:21,19:46:21,2022-04-20 09:18:21,480,100
2022-04-20,07:30:00,15:30:00,09:18:21,19:46:21,,108.4,22.6
2022-04-20,15:30:00,23:30:00,09:18:21,19:46:21,,223.7,46.6
2022-04-20,23:30:00,07:30:00,09:19:25,19:44:54,2022-04-21 09:19:25,480,100
2022-04-21,07:30:00,15:30:00,09:19:25,19:44:54,,109.4,22.8
2022-04-21,15:30:00,23:30:00,09:19:25,19:44:54,,225.1,46.9
2022-04-21,23:30:00,07:30:00,09:20:29,19:43:28,2022-04-22 09:20:29,480,100
2022-04-22,07:30:00,15:30:00,09:20:29,19:43:28,,110.5,23.0
2022-04-22,15:30:00,23:30:00,09:20:29,19:43:28,,226.5,47.2
2022-04-22,23:30:00,07:30:00,09:21:32,19:42:04,2022-04-23 09:21:32,480,100
2022-04-23,07:30:00,15:30:00,09:21:32,19:42:04,,111.5,23.2
2022-04-23,15:30:00,23:30:00,09:21:32,19:42:04,,227.9,47.5
2022-04-23,23:30:00,07:30:00,09:22:36,19:40:40,2022-04-24 09:22:36,480,100
2022-04-24,07:30:00,15:30:00,09:22:36,19:40:40,,112.6,23.5
2022-04-24,15:30:00,23:30:00,09:22:36,19:40:40,,229.3,47.8
2022-04-24,23:30:00,07:30:00,09:23:40,19:39:17,2022-04-25 09:23:40,480,100
2022-04-25,07:30:00,15:30:00,09:23:40,19:39:17,,113.7,23.7
2022-04-25,15:30:00,23:30:00,09:23:40,19:39:17,,230.7,48.1
2022-04-25,23:30:00,07:30:00,09:24:43,19:37:55,2022-04-26 09:24:43,480,100
2022-04-26,07:30:00,15:30:00,09:24:43,19:37:55,,114.7,23.9
2022-04-26,15:30:00,23:30:00,09:24:43,19:37:55,,232.1,48.4
2022-04-26,23:30:00,07:30:00,09:25:47,19:36:35,2022-04-27 09:25:47,480,100
2022-04-27,07:30:00,15:30:00,09:25:47,19:36:35,,115.8,24.1
2022-04-27,15:30:00,23:30:00,09:25:47,19:36:35,,233.4,48.6
2022-04-27,23:30:00,07:30:00,09:26:51,19:35:15,2022-04-28 09:26:51,480,100
2022-04-28,07:30:00,15:30:00,09:26:51,19:35:15,,116.9,24.4
2022-04-28,15:30:00,23:30:00,09:26:51,19:35:15,,234.8,48.9
2022-04-28,23:30:00,07:30:00,09:27:54,19:33:57,2022-04-29 09:27:54,480,100
2022-04-29,07:30:00,15:30:00,09:27:54,19:33:57,,117.9,24.6
2022-04-29,15:30:00,23:30:00,09:27:54,19:33:57,,236.1,49.2
2022-04-29,23:30:00,07:30:00,09:28:58,19:32:40,2022-04-30 09:28:58,480,100
2022-04-30,07:30:00,15:30:00,09:28:58,19:32:40,,119.0,24.8
2022-04-30,15:30:00,23:30:00,09:28:58,19:32:40,,237.3,49.4
2022-04-30,23:30:00,07:30:00,09:30:01,19:31:24,2022-05-01 09:30:01,480,100
2022-05-01,07:30:00,15:30:00,09:30:01,19:31:24,,120.0,25.0
2022-05-01,15:30:00,23:30:00,09:30:01,19:31:24,,238.6,49.7
2022-05-01,23:30:00,07:30:00,09:31:05,19:30:09,2022-05-02 09:31:05,480,100
2022-05-02,07:30:00,15:30:00,09:31:05,19:30:09,,121.1,25.2
2022-05-02,15:30:00,23:30:00,09:31:05,19:30:09,,239.9,50.0
2022-05-02,23:30:00,07:30:00,09:32:08,19:28:56,2022-05-03 09:32:08,480,100
2022-05-03,07:30:00,15:30:00,09:32:08,19:28:56,,122.1,25.4
2022-05-03,15:30:00,23:30:00,09:32:08,19:28:56,,241.1,50.2
2022-05-03,23:30:00,07:30:00,09:33:11,19:27:44,2022-05-04 09:33:11,480,100
2022-05-04,07:30:00,15:30:00,09:33:11,19:27:44,,123.2,25.7
2022-05-04,15:30:00,23:30:00,09:33:11,19:27:44,,242.3,50.5
2022-05-04,23:30:00,07:30:00,09:34:14,19:26:33,2022-05-05 09:34:14,480,100
2022-05-05,07:30:00,15:30:00,09:34:14,19:26:33,,124.2,25.9
2022-05-05,15:30:00,23:30:00,09:34:14,19:26:33,,243.5,50.7
2022-05-05,23:30:00,07:30:00,09:35:16,19:25:23,2022-05-06 09:35:16,480,100
2022-05-06,07:30:00,15:30:00,09:35:16,19:25:23,,125.3,26.1
2022-05-06,15:30:00,23:30:00,09:35:16,19:25:23,,244.6,51.0
2022-05-06,23:30:00,07:30:00,09:36:18,19:24:15,2022-05-07 09:36:18,480,100
2022-05-07,07:30:00,15:30:00,09:36:18,19:24:15,,126.3,26.3
2022-05-07,15:30:00,23:30:00,09:36:18,19:24:15,,245.8,51.2
2022-05-07,23:30:00,07:30:00,09:37:21,19:23:08,2022-05-08 09:37:21,480,100
2022-05-08,07:30:00,15:30:00,09:37:21,19:23:08,,127.4,26.5
2022-05-08,15:30:00,23:30:00,09:37:21,19:23:08,,246.9,51.4
2022-05-08,23:30:00,07:30:00,09:38:22,19:22:03,2022-05-09 09:38:22,480,100
2022-05-09,07:30:00,15:30:00,09:38:22,19:22:03,,128.4,26.8
2022-05-09,15:30:00,23:30:00,09:38:22,19:22:03,,248.0,51.7
2022-05-09,23:30:00,07:30:00,09:39:24,19:20:59,2022-05-10 09:39:24,480,100
2022-05-10,07:30:00,15:30:00,09:39:24,19:20:59,,129.4,27.0
2022-05-10,15:30:00,23:30:00,09:39:24,19:20:59,,249.0,51.9
2022-05-10,23:30:00,07:30:00,09:40:25,19:19:57,2022-05-11 09:40:25,480,100
2022-05-11,07:30:00,15:30:00,09:40:25,19:19:57,,130.4,27.2
2022-05-11,15:30:00,23:30:00,09:40:25,19:19:57,,250.1,52.1
2022-05-11,23:30:00,07:30:00,09:41:25,19:18:56,2022-05-12 09:41:25,480,100
2022-05-12,07:30:00,15:30:00,09:41:25,19:18:56,,131.4,27.4
2022-05-12,15:30:00,23:30:00,09:41:25,19:18:56,,251.1,52.3
2022-05-12,23:30:00,07:30:00,09:42:26,19:17:57,2022-05-13 09:42:26,480,100
2022-05-13,07:30:00,15:30:00,09:42:26,19:17:57,,132.4,27.6
2022-05-13,15:30:00,23:30:00,09:42:26,19:17:57,,252.1,52.5
2022-05-13,23:30:00,07:30:00,09:43:25,19:16:59,2022-05-14 09:43:25,480,100
2022-05-14,07:30:00,15:30:00,09:43:25,19:16:59,,133.4,27.8
2022-05-14,15:30:00,23:30:00,09:43:25,19:16:59,,253.0,52.7
2022-05-14,23:30:00,07:30:00,09:44:25,19:16:03,2022-05-15 09:44:25,480,100
2022-05-15,07:30:00,15:30:00,09:44:25,19:16:03,,134.4,28.0
2022-05-15,15:30:00,23:30:00,09:44:25,19:16:03,,254.0,52.9
2022-05-15,23:30:00,07:30:00,09:45:23,19:15:08,2022-05-16 09:45:23,480,100
2022-05-16,07:30:00,15:30:00,09:45:23,19:15:08,,135.4,28.2
2022-05-16,15:30:00,23:30:00,09:45:23,19:15:08,,254.9,53.1
2022-05-16,23:30:00,07:30:00,09:46:21,19:14:16,2022-05-17 09:46:21,480,100
2022-05-17,07:30:00,15:30:00,09:46:21,19:14:16,,136.4,28.4
2022-05-17,15:30:00,23:30:00,09:46:21,19:14:16,,255.7,53.3
2022-05-17,23:30:00,07:30:00,09:47:19,19:13:24,2022-05-18 09:47:19,480,100
2022-05-18,07:30:00,15:30:00,09:47:19,19:13:24,,137.3,28.6
2022-05-18,15:30:00,23:30:00,09:47:19,19:13:24,,256.6,53.5
2022-05-18,23:30:00,07:30:00,09:48:16,19:12:35,2022-05-19 09:48:16,480,100
2022-05-19,07:30:00,15:30:00,09:48:16,19:12:35,,138.3,28.8
2022-05-19,15:30:00,23:30:00,09:48:16,19:12:35,,257.4,53.6
2022-05-19,23:30:00,07:30:00,09:49:12,19:11:47,2022-05-20 09:49:12,480,100
2022-05-20,07:30:00,15:30:00,09:49:12,19:11:47,,139.2,29.0
2022-05-20,15:30:00,23:30:00,09:49:12,19:11:47,,258.2,53.8
2022-05-20,23:30:00,07:30:00,09:50:07,19:11:01,2022-05-21 09:50:07,480,100
2022-05-21,07:30:00,15:30:00,09:50:07,19:11:01,,140.1,29.2
2022-05-21,15:30:00,23:30:00,09:50:07,19:11:01,,259.0,54.0
2022-05-21,23:30:00,07:30:00,09:51:01,19:10:16,2022-05-22 09:51:01,480,100
2022-05-22,07:30:00,15:30:00,09:51:01,19:10:16,,141.0,29.4
2022-05-22,15:30:00,23:30:00,09:51:01,19:10:16,,259.7,54.1
2022-05-22,23:30:00,07:30:00,09:51:55,19:09:34,2022-05-23 09:51:55,480,100
2022-05-23,07:30:00,15:30:00,09:51:55,19:09:34,,141.9,29.6
2022-05-23,15:30:00,23:30:00,09:51:55,19:09:34,,260.4,54.3
2022-05-23,23:30:00,07:30:00,09:52:48,19:08:53,2022-05-24 09:52:48,480,100
2022-05-24,07:30:00,15:30:00,09:52:48,19:08:53,,142.8,29.8
2022-05-24,15:30:00,23:30:00,09:52:48,19:08:53,,261.1,54.4
2022-05-24,23:30:00,07:30:00,09:53:40,19:08:14,2022-05-25 09:53:40,480,100
2022-05-25,07:30:00,15:30:00,09:53:40,19:08:14,,143.7,29.9
2022-05-25,15:30:00,23:30:00,09:53:40,19:08:14,,261.8,54.5
2022-05-25,23:30:00,07:30:00,09:54:31,19:07:36,2022-05-26 09:54:31,480,100
2022-05-26,07:30:00,15:30:00,09:54:31,19:07:36,,144.5,30.1
2022-05-26,15:30:00,23:30:00,09:54:31,19:07:36,,262.4,54.7
2022-05-26,23:30:00,07:30:00,09:55:21,19:07:01,2022-05-27 09:55:21,480,100
2022-05-27,07:30:00,15:30:00,09:55:21,19:07:01,,145.4,30.3
2022-05-27,15:30:00,23:30:00,09:55:21,19:07:01,,263.0,54.8
2022-05-27,23:30:00,07:30:00,09:56:10,19:06:27,2022-05-28 09:56:10,480,100
2022-05-28,07:30:00,15:30:00,09:56:10,19:06:27,,146.2,30.5
2022-05-28,15:30:00,23:30:00,09:56:10,19:06:27,,263.6,54.9
2022-05-28,23:30:00,07:30:00,09:56:57,19:05:56,2022-05-29 09:56:57,480,100
2022-05-29,07:30:00,15:30:00,09:56:57,19:05:56,,147.0,30.6
2022-05-29,15:30:00,23:30:00,09:56:57,19:05:56,,264.1,55.0
2022-05-29,23:30:00,07:30:00,09:57:44,19:05:26,2022-05-30 09:57:44,480,100
2022-05-30,07:30:00,15:30:00,09:57:44,19:05:26,,147.7,30.8
2022-05-30,15:30:00,23:30:00,09:57:44,19:05:26,,264.6,55.1
2022-05-30,23:30:00,07:30:00,09:58:29,19:04:58,2022-05-31 09:58:29,480,100
2022-05-31,07:30:00,15:30:00,09:58:29,19:04:58,,148.5,30.9
2022-05-31,15:30:00,23:30:00,09:58:29,19:04:58,,265.0,55.2
2022-05-31,23:30:00,07:30:00,09:59:14,19:04:32,2022-06-01 09:59:14,480,100
2022-06-01,07:30:00,15:30:00,09:59:14,19:04:32,,149.2,31.1
2022-06-01,15:30:00,23:30:00,09:59:14,19:04:32,,265.5,55.3
2022-06-01,23:30:00,07:30:00,09:59:57,19:04:08,2022-06-02 09:59:57,480,100
2022-06-02,07:30:00,15:30:00,09:59:57,19:04:08,,150.0,31.3
2022-06-02,15:30:00,23:30:00,09:59:57,19:04:08,,265.9,55.4
2022-06-02,23:30:00,07:30:00,10:00:38,19:03:45,2022-06-03 10:00:38,480,100
2022-06-03,07:30:00,15:30:00,10:00:38,19:03:45,,150.6,31.4
2022-06-03,15:30:00,23:30:00,10:00:38,19:03:45,,266.3,55.5
2022-06-03,23:30:00,07:30:00,10:01:19,19:03:25,2022-06-04 10:01:19,480,100
2022-06-04,07:30:00,15:30:00,10:01:19,19:03:25,,151.3,31.5
2022-06-04,15:30:00,23:30:00,10:01:19,19:03:25,,266.6,55.5
2022-06-04,23:30:00,07:30:00,10:01:58,19:03:07,2022-06-05 10:01:58,480,100
2022-06-05,07:30:00,15:30:00,10:01:58,19:03:07,,152.0,31.7
2022-06-05,15:30:00,23:30:00,10:01:58,19:03:07,,266.9,55.6
2022-06-05,23:30:00,07:30:00,10:02:35,19:02:50,2022-06-06 10:02:35,480,100
2022-06-06,07:30:00,15:30:00,10:02:35,19:02:50,,152.6,31.8
2022-06-06,15:30:00,23:30:00,10:02:35,19:02:50,,267.2,55.7
2022-06-06,23:30:00,07:30:00,10:03:11,19:02:36,2022-06-07 10:03:11,480,100
2022-06-07,07:30:00,15:30:00,10:03:11,19:02:36,,153.2,31.9
2022-06-07,15:30:00,23:30:00,10:03:11,19:02:36,,267.4,55.7
2022-06-07,23:30:00,07:30:00,10:03:46,19:02:23,2022-06-08 10:03:46,480,100
2022-06-08,07:30:00,15:30:00,10:03:46,19:02:23,,153.8,32.0
2022-06-08,15:30:00,23:30:00,10:03:46,19:02:23,,267.6,55.8
2022-06-08,23:30:00,07:30:00,10:04:19,19:02:13,2022-06-09 10:04:19,480,100
2022-06-09,07:30:00,15:30:00,10:04:19,19:02:13,,154.3,32.1
2022-06-09,15:30:00,23:30:00,10:04:19,19:02:13,,267.8,55.8
2022-06-09,23:30:00,07:30:00,10:04:50,19:02:04,2022-06-10 10:04:50,480,100
2022-06-10,07:30:00,15:30:00,10:04:50,19:02:04,,154.8,32.3
2022-06-10,15:30:00,23:30:00,10:04:50,19:02:04,,267.9,55.8
2022-06-10,23:30:00,07:30:00,10:05:20,19:01:57,2022-06-11 10:05:20,480,100
2022-06-11,07:30:00,15:30:00,10:05:20,19:01:57,,155.3,32.4
2022-06-11,15:30:00,23:30:00,10:05:20,19:01:57,,268.1,55.9
2022-06-11,23:30:00,07:30:00,10:05:48,19:01:53,2022-06-12 10:05:48,480,100
2022-06-12,07:30:00,15:30:00,10:05:48,19:01:53,,155.8,32.5
2022-06-12,15:30:00,23:30:00,10:05:48,19:01:53,,268.1,55.9
2022-06-12,23:30:00,07:30:00,10:06:15,19:01:50,2022-06-13 10:06:15,480,100
2022-06-13,07:30:00,15:30:00,10:06:15,19:01:50,,156.3,32.6
2022-06-13,15:30:00,23:30:00,10:06:15,19:01:50,,268.2,55.9
2022-06-13,23:30:00,07:30:00,10:06:39,19:01:49,2022-06-14 10:06:39,480,100
2022-06-14,07:30:00,15:30:00,10:06:39,19:01:49,,156.7,32.6
2022-06-14,15:30:00,23:30:00,10:06:39,19:01:49,,268.2,55.9
2022-06-14,23:30:00,07:30:00,10:07:02,19:01:50,2022-06-15 10:07:02,480,100
2022-06-15,07:30:00,15:30:00,10:07:02,19:01:50,,157.0,32.7
2022-06-15,15:30:00,23:30:00,10:07:02,19:01:50,,268.2,55.9
2022-06-15,23:30:00,07:30:00,10:07:24,19:01:53,2022-06-16 10:07:24,480,100
2022-06-16,07:30:00,15:30:00,10:07:24,19:01:53,,157.4,32.8
2022-06-16,15:30:00,23:30:00,10:07:24,19:01:53,,268.1,55.9
2022-06-16,23:30:00,07:30:00,10:07:43,19:01:58,2022-06-17 10:07:43,480,100
2022-06-17,07:30:00,15:30:00,10:07:43,19:01:58,,157.7,32.9
2022-06-17,15:30:00,23:30:00,10:07:43,19:01:58,,268.0,55.8
2022-06-17,23:30:00,07:30:00,10:08:01,19:02:05,2022-06-18 10:08:01,480,100
2022-06-18,07:30:00,15:30:00,10:08:01,19:02:05,,158.0,32.9
2022-06-18,15:30:00,23:30:00,10:08:01,19:02:05,,267.9,55.8
2022-06-18,23:30:00,07:30:00,10:08:16,19:02:14,2022-06-19 10:08:16,480,100
2022-06-19,07:30:00,15:30:00,10:08:16,19:02:14,,158.3,33.0
2022-06-19,15:30:00,23:30:00,10:08:16,19:02:14,,267.8,55.8
2022-06-19,23:30:00,07:30:00,10:08:30,19:02:24,2022-06-20 10:08:30,480,100
2022-06-20,07:30:00,15:30:00,10:08:30,19:02:24,,158.5,33.0
2022-06-20,15:30:00,23:30:00,10:08:30,19:02:24,,267.6,55.8
2022-06-20,23:30:00,07:30:00,10:08:42,19:02:36,2022-06-21 10:08:42,480,100
2022-06-21,07:30:00,15:30:00,10:08:42,19:02:36,,158.7,33.1
2022-06-21,15:30:00,23:30:00,10:08:42,19:02:36,,267.4,55.7
2022-06-21,23:30:00,07:30:00,10:08:53,19:02:51,2022-06-22 10:08:53,480,100
2022-06-22,07:30:00,15:30:00,10:08:53,19:02:51,,158.9,33.1
2022-06-22,15:30:00,23:30:00,10:08:53,19:02:51,,267.2,55.7
2022-06-22,23:30:00,07:30:00,10:09:01,19:03:06,2022-06-23 10:09:01,480,100
2022-06-23,07:30:00,15:30:00,10:09:01,19:03:06,,159.0,33.1
2022-06-23,15:30:00,23:30:00,10:09:01,19:03:06,,266.9,55.6
2022-06-23,23:30:00,07:30:00,10:09:07,19:03:24,2022-06-24 10:09:07,480,100
2022-06-24,07:30:00,15:30:00,10:09:07,19:03:24,,159.1,33.1
2022-06-24,15:30:00,23:30:00,10:09:07,19:03:24,,266.6,55.5
2022-06-24,23:30:00,07:30:00,10:09:11,19:03:44,2022-06-25 10:09:11,480,100
2022-06-25,07:30:00,15:30:00,10:09:11,19:03:44,,159.2,33.2
2022-06-25,15:30:00,23:30:00,10:09:11,19:03:44,,266.3,55.5
2022-06-25,23:30:00,07:30:00,10:09:14,19:04:05,2022-06-26 10:09:14,480,100
2022-06-26,07:30:00,15:30:00,10:09:14,19:04:05,,159.2,33.2
2022-06-26,15:30:00,23:30:00,10:09:14,19:04:05,,265.9,55.4
2022-06-26,23:30:00,07:30:00,10:09:14,19:04:28,2022-06-27 10:09:14,480,100
2022-06-27,07:30:00,15:30:00,10:09:14,19:04:28,,159.2,33.2
2022-06-27,15:30:00,23:30:00,10:09:14,19:04:28,,265.5,55.3
2022-06-27,23:30:00,07:30:00,10:09:13,19:04:52,2022-06-28 10:09:13,480,100
2022-06-28,07:30:00,15:30:00,10:09:13,19:04:52,,159.2,33.2
2022-06-28,15:30:00,23:30:00,10:09:13,19:04:52,,265.1,55.2
2022-06-28,23:30:00,07:30:00,10:09:09,19:05:18,2022-06-29 10:09:09,480,100
2022-06-29,07:30:00,15:30:00,10:09:09,19:05:18,,159.2,33.2
2022-06-29,15:30:00,23:30:00,10:09:09,19:05:18,,264.7,55.1
2022-06-29,23:30:00,07:30:00,10:09:03,19:05:46,2022-06-30 10:09:03,480,100
2022-06-30,07:30:00,15:30:00,10:09:03,19:05:46,,159.1,33.1
2022-06-30,15:30:00,23:30:00,10:09:03,19:05:46,,264.2,55.0
2022-06-30,23:30:00,07:30:00,10:08:56,19:06:15,2022-07-01 10:08:56,480,100
2022-07-01,07:30:00,15:30:00,10:08:56,19:06:15,,158.9,33.1
2022-07-01,15:30:00,23:30:00,10:08:56,19:06:15,,263.8,55.0
2022-07-01,23:30:00,07:30:00,10:08:46,19:06:46,2022-07-02 10:08:46,480,100
2022-07-02,07:30:00,15:30:00,10:08:46,19:06:46,,158.8,33.1
2022-07-02,15:30:00,23:30:00,10:08:46,19:06:46,,263.2,54.8
2022-07-02,23:30:00,07:30:00,10:08:35,19:07:19,2022-07-03 10:08:35,480,100
2022-07-03,07:30:00,15:30:00,10:08:35,19:07:19,,158.6,33.0
2022-07-03,15:30:00,23:30:00,10:08:35,19:07:19,,262.7,54.7
2022-07-03,23:30:00,07:30:00,10:08:21,19:07:52,2022-07-04 10:08:21,480,100
2022-07-04,07:30:00,15:30:00,10:08:21,19:07:52,,158.4,33.0
2022-07-04,15:30:00,23:30:00,10:08:21,19:07:52,,262.1,54.6
2022-07-04,23:30:00,07:30:00,10:08:06,19:08:28,2022-07-05 10:08:06,480,100
2022-07-05,07:30:00,15:30:00,10:08:06,19:08:28,,158.1,32.9
2022-07-05,15:30:00,23:30:00,10:08:06,19:08:28,,261.5,54.5
2022-07-05,23:30:00,07:30:00,10:07:48,19:09:04,2022-07-06 10:07:48,480,100
2022-07-06,07:30:00,15:30:00,10:07:48,19:09:04,,157.8,32.9
2022-07-06,15:30:00,23:30:00,10:07:48,19:09:04,,260.9,54.4
2022-07-06,23:30:00,07:30:00,10:07:28,19:09:42,2022-07-07 10:07:28,480,100
2022-07-07,07:30:00,15:30:00,10:07:28,19:09:42,,157.5,32.8
2022-07-07,15:30:00,23:30:00,10:07:28,19:09:42,,260.3,54.2
2022-07-07,23:30:00,07:30:00,10:07:07,19:10:21,2022-07-08 10:07:07,480,100
2022-07-08,07:30:00,15:30:00,10:07:07,19:10:21,,157.1,32.7
2022-07-08,15:30:00,23:30:00,10:07:07,19:10:21,,259.7,54.1
2022-07-08,23:30:00,07:30:00,10:06:43,19:11:02,2022-07-09 10:06:43,480,100
2022-07-09,07:30:00,15:30:00,10:06:43,19:11:02,,156.7,32.6
2022-07-09,15:30:00,23:30:00,10:06:43,19:11:02,,259.0,54.0
2022-07-09,23:30:00,07:30:00,10:06:18,19:11:44,2022-07-10 10:06:18,480,100
2022-07-10,07:30:00,15:30:00,10:06:18,19:11:44,,156.3,32.6
2022-07-10,15:30:00,23:30:00,10:06:18,19:11:44,,258.3,53.8
2022-07-10,23:30:00,07:30:00,10:05:51,19:12:26,2022-07-11 10:05:51,480,100
2022-07-11,07:30:00,15:30:00,10:05:51,19:12:26,,155.9,32.5
2022-07-11,15:30:00,23:30:00,10:05:51,19:12:26,,257.6,53.7
2022-07-11,23:30:00,07:30:00,10:05:21,19:13:10,2022-07-12 10:05:21,480,100
2022-07-12,07:30:00,15:30:00,10:05:21,19:13:10,,155.4,32.4
2022-07-12,15:30:00,23:30:00,10:05:21,19:13:10,,256.8,53.5
2022-07-12,23:30:00,07:30:00,10:04:50,19:13:56,2022-07-13 10:04:50,480,100
2022-07-13,07:30:00,15:30:00,10:04:50,19:13:56,,154.8,32.3
2022-07-13,15:30:00,23:30:00,10:04:50,19:13:56,,256.1,53.4
2022-07-13,23:30:00,07:30:00,10:04:17,19:14:42,2022-07-14 10:04:17,480,100
2022-07-14,07:30:00,15:30:00,10:04:17,19:14:42,,154.3,32.1
2022-07-14,15:30:00,23:30:00,10:04:17,19:14:42,,255.3,53.2
2022-07-14,23:30:00,07:30:00,10:03:42,19:15:29,2022-07-15 10:03:42,480,100
2022-07-15,07:30:00,15:30:00,10:03:42,19:15:29,,153.7,32.0
2022-07-15,15:30:00,23:30:00,10:03:42,19:15:29,,254.5,53.0
2022-07-15,23:30:00,07:30:00,10:03:05,19:16:17,2022-07-16 10:03:05,480,100
2022-07-16,07:30:00,15:30:00,10:03:05,19:16:17,,153.1,31.9
2022-07-16,15:30:00,23:30:00,10:03:05,19:16:17,,253.7,52.9
2022-07-16,23:30:00,07:30:00,10:02:26,19:17:06,2022-07-17 10:02:26,480,100
2022-07-17,07:30:00,15:30:00,10:02:26,19:17:06,,152.4,31.8
2022-07-17,15:30:00,23:30:00,10:02:26,19:17:06,,252.9,52.7
2022-07-17,23:30:00,07:30:00,10:01:45,19:17:56,2022-07-18 10:01:45,480,100
2022-07-18,07:30:00,15:30:00,10:01:45,19:17:56,,151.8,31.6
2022-07-18,15:30:00,23:30:00,10:01:45,19:17:56,,252.1,52.5
2022-07-18,23:30:00,07:30:00,10:01:03,19:18:47,2022-07-19 10:01:03,480,100
2022-07-19,07:30:00,15:30:00,10:01:03,19:18:47,,151.1,31.5
2022-07-19,15:30:00,23:30:00,10:01:03,19:18:47,,251.2,52.3
2022-07-19,23:30:00,07:30:00,10:00:19,19:19:38,2022-07-20 10:00:19,480,100
2022-07-20,07:30:00,15:30:00,10:00:19,19:19:38,,150.3,31.3
2022-07-20,15:30:00,23:30:00,10:00:19,19:19:38,,250.4,52.2
2022-07-20,23:30:00,07:30:00,09:59:33,19:20:31,2022-07-21 09:59:33,480,100
2022-07-21,07:30:00,15:30:00,09:59:33,19:20:31,,149.6,31.2
2022-07-21,15:30:00,23:30:00,09:59:33,19:20:31,,249.5,52.0
2022-07-21,23:30:00,07:30:00,09:58:45,19:21:24,2022-07-22 09:58:45,480,100
2022-07-22,07:30:00,15:30:00,09:58:45,19:21:24,,148.8,31.0
2022-07-22,15:30:00,23:30:00,09:58:45,19:21:24,,248.6,51.8
2022-07-22,23:30:00,07:30:00,09:57:55,19:22:17,2022-07-23 09:57:55,480,100
2022-07-23,07:30:00,15:30:00,09:57:55,19:22:17,,147.9,30.8
2022-07-23,15:30:00,23:30:00,09:57:55,19:22:17,,247.7,51.6
2022-07-23,23:30:00,07:30:00,09:57:04,19:23:12,2022-07-24 09:57:04,480,100
2022-07-24,07:30:00,15:30:00,09:57:04,19:23:12,,147.1,30.6
2022-07-24,15:30:00,23:30:00,09:57:04,19:23:12,,246.8,51.4
2022-07-24,23:30:00,07:30:00,09:56:11,19:24:07,2022-07-25 09:56:11,480,100
2022-07-25,07:30:00,15:30:00,09:56:11,19:24:07,,146.2,30.5
2022-07-25,15:30:00,23:30:00,09:56:11,19:24:07,,245.9,51.2
2022-07-25,23:30:00,07:30:00,09:55:17,19:25:02,2022-07-26 09:55:17,480,100
2022-07-26,07:30:00,15:30:00,09:55:17,19:25:02,,145.3,30.3
2022-07-26,15:30:00,23:30:00,09:55:17,19:25:02,,245.0,51.0
2022-07-26,23:30:00,07:30:00,09:54:20,19:25:58,2022-07-27 09:54:20,480,100
2022-07-27,07:30:00,15:30:00,09:54:20,19:25:58,,144.3,30.1
2022-07-27,15:30:00,23:30:00,09:54:20,19:25:58,,244.0,50.8
2022-07-27,23:30:00,07:30:00,09:53:23,19:26:55,2022-07-28 09:53:23,480,100
2022-07-28,07:30:00,15:30:00,09:53:23,19:26:55,,143.4,29.9
2022-07-28,15:30:00,23:30:00,09:53:23,19:26:55,,243.1,50.6
2022-07-28,23:30:00,07:30:00,09:52:23,19:27:52,2022-07-29 09:52:23,480,100
2022-07-29,07:30:00,15:30:00,09:52:23,19:27:52,,142.4,29.7
2022-07-29,15:30:00,23:30:00,09:52:23,19:27:52,,242.1,50.4
2022-07-29,23:30:00,07:30:00,09:51:22,19:28:49,2022-07-30 09:51:22,480,100
2022-07-30,07:30:00,15:30:00,09:51:22,19:28:49,,141.4,29.5
2022-07-30,15:30:00,23:30:00,09:51:22,19:28:49,,241.2,50.2
2022-07-30,23:30:00,07:30:00,09:50:20,19:29:47,2022-07-31 09:50:20,480,100
2022-07-31,07:30:00,15:30:00,09:50:20,19:29:47,,140.3,29.2
2022-07-31,15:30:00,23:30:00,09:50:20,19:29:47,,240.2,50.0
2022-07-31,23:30:00,07:30:00,09:49:15,19:30:45,2022-08-01 09:49:15,480,100
2022-08-01,07:30:00,15:30:00,09:49:15,19:30:45,,139.3,29.0
2022-08-01,15:30:00,23:30:00,09:49:15,19:30:45,,239.3,49.9
2022-08-01,23:30:00,07:30:00,09:48:10,19:31:43,2022-08-02 09:48:10,480,100
2022-08-02,07:30:00,15:30:00,09:48:10,19:31:43,,138.2,28.8
2022-08-02,15:30:00,23:30:00,09:48:10,19:31:43,,238.3,49.6
2022-08-02,23:30:00,07:30:00,09:47:03,19:32:42,2022-08-03 09:47:03,480,100
2022-08-03,07:30:00,15:30:00,09:47:03,19:32:42,,137.1,28.6
2022-08-03,15:30:00,23:30:00,09:47:03,19:32:42,,237.3,49.4
2022-08-03,23:30:00,07:30:00,09:45:54,19:33:41,2022-08-04 09:45:54,480,100
2022-08-04,07:30:00,15:30:00,09:45:54,19:33:41,,135.9,28.3
2022-08-04,15:30:00,23:30:00,09:45:54,19:33:41,,236.3,49.2
2022-08-04,23:30:00,07:30:00,09:44:45,19:34:40,2022-08-05 09:44:45,480,100
2022-08-05,07:30:00,15:30:00,09:44:45,19:34:40,,134.8,28.1
2022-08-05,15:30:00,23:30:00,09:44:45,19:34:40,,235.3,49.0
2022-08-05,23:30:00,07:30:00,09:43:33,19:35:39,2022-08-06 09:43:33,480,100
2022-08-06,07:30:00,15:30:00,09:43:33,19:35:39,,133.6,27.8
2022-08-06,15:30:00,23:30:00,09:43:33,19:35:39,,234.4,48.8
2022-08-06,23:30:00,07:30:00,09:42:21,19:36:38,2022-08-07 09:42:21,480,100
2022-08-07,07:30:00,15:30:00,09:42:21,19:36:38,,132.4,27.6
2022-08-07,15:30:00,23:30:00,09:42:21,19:36:38,,233.4,48.6
2022-08-07,23:30:00,07:30:00,09:41:07,19:37:38,2022-08-08 09:41:07,480,100
2022-08-08,07:30:00,15:30:00,09:41:07,19:37:38,,131.1,27.3
2022-08-08,15:30:00,23:30:00,09:41:07,19:37:38,,232.4,48.4
2022-08-08,23:30:00,07:30:00,09:39:52,19:38:38,2022-08-09 09:39:52,480,100
2022-08-09,07:30:00,15:30:00,09:39:52,19:38:38,,129.9,27.1
2022-08-09,15:30:00,23:30:00,09:39:52,19:38:38,,231.4,48.2
2022-08-09,23:30:00,07:30:00,09:38:35,19:39:37,2022-08-10 09:38:35,480,100
2022-08-10,07:30:00,15:30:00,09:38:35,19:39:37,,128.6,26.8
2022-08-10,15:30:00,23:30:00,09:38:35,19:39:37,,230.4,48.0
2022-08-10,23:30:00,07:30:00,09:37:17,19:40:37,2022-08-11 09:37:17,480,100
2022-08-11,07:30:00,15:30:00,09:37:17,19:40:37,,127.3,26.5
2022-08-11,15:30:00,23:30:00,09:37:17,19:40:37,,229.4,47.8
2022-08-11,23:30:00,07:30:00,09:35:59,19:41:37,2022-08-12 09:35:59,480,100
2022-08-12,07:30:00,15:30:00,09:35:59,19:41:37,,126.0,26.3
2022-08-12,15:30:00,23:30:00,09:35:59,19:41:37,,228.4,47.6
2022-08-12,23:30:00,07:30:00,09:34:38,19:42:37,2022-08-13 09:34:38,480,100
2022-08-13,07:30:00,15:30:00,09:34:38,19:42:37,,124.6,26.0
2022-08-13,15:30:00,23:30:00,09:34:38,19:42:37,,227.4,47.4
2022-08-13,23:30:00,07:30:00,09:33:17,19:43:37,2022-08-14 09:33:17,480,100
2022-08-14,07:30:00,15:30:00,09:33:17,19:43:37,,123.3,25.7
2022-08-14,15:30:00,23:30:00,09:33:17,19:43:37,,226.4,47.2
2022-08-14,23:30:00,07:30:00,09:31:55,19:44:37,2022-08-15 09:31:55,480,100
2022-08-15,07:30:00,15:30:00,09:31:55,19:44:37,,121.9,25.4
2022-08-15,15:30:00,23:30:00,09:31:55,19:44:37,,225.4,47.0
2022-08-15,23:30:00,07:30:00,09:30:31,19:45:37,2022-08-16 09:30:31,480,100
2022-08-16,07:30:00,15:30:00,09:30:31,19:45:37,,120.5,25.1
2022-08-16,15:30:00,23:30:00,09:30:31,19:45:37,,224.4,46.8
2022-08-16,23:30:00,07:30:00,09:29:07,19:46:37,2022-08-17 09:29:07,480,100
2022-08-17,07:30:00,15:30:00,09:29:07,19:46:37,,119.1,24.8
2022-08-17,15:30:00,23:30:00,09:29:07,19:46:37,,223.4,46.5
2022-08-17,23:30:00,07:30:00,09:27:41,19:47:37,2022-08-18 09:27:41,480,100
2022-08-18,07:30:00,15:30:00,09:27:41,19:47:37,,117.7,24.5
2022-08-18,15:30:00,23:30:00,09:27:41,19:47:37,,222.4,46.3
2022-08-18,23:30:00,07:30:00,09:26:15,19:48:37,2022-08-19 09:26:15,480,100
2022-08-19,07:30:00,15:30:00,09:26:15,19:48:37,,116.3,24.2
2022-08-19,15:30:00,23:30:00,09:26:15,19:48:37,,221.4,46.1
2022-08-19,23:30:00,07:30:00,09:24:47,19:49:36,2022-08-20 09:24:47,480,100
2022-08-20,07:30:00,15:30:00,09:24:47,19:49:36,,114.8,23.9
2022-08-20,15:30:00,23:30:00,09:24:47,19:49:36,,220.4,45.9
2022-08-20,23:30:00,07:30:00,09:23:18,19:50:36,2022-08-21 09:23:18,480,100
2022-08-21,07:30:00,15:30:00,09:23:18,19:50:36,,113.3,23.6
2022-08-21,15:30:00,23:30:00,09:23:18,19:50:36,,219.4,45.7
2022-08-21,23:30:00,07:30:00,09:21:49,19:51:36,2022-08-22 09:21:49,480,100
2022-08-22,07:30:00,15:30:00,09:21:49,19:51:36,,111.8,23.3
2022-08-22,15:30:00,23:30:00,09:21:49,19:51:36,,218.4,45.5
2022-08-22,23:30:00,07:30:00,09:20:19,19:52:35,2022-08-23 09:20:19,480,100
2022-08-23,07:30:00,15:30:00,09:20:19,19:52:35,,110.3,23.0
2022-08-23,15:30:00,23:30:00,09:20:19,19:52:35,,217.4,45.3
2022-08-23,23:30:00,07:30:00,09:18:47,19:53:35,2022-08-24 09:18:47,480,100
2022-08-24,07:30:00,15:30:00,09:18:47,19:53:35,,108.8,22.7
2022-08-24,15:30:00,23:30:00,09:18:47,19:53:35,,216.4,45.1
2022-08-24,23:30:00,07:30:00,09:17:15,19:54:34,2022-08-25 09:17:15,480,100
2022-08-25,07:30:00,15:30:00,09:17:15,19:54:34,,107.3,22.4
2022-08-25,15:30:00,23:30:00,09:17:15,19:54:34,,215.4,44.9
2022-08-25,23:30:00,07:30:00,09:15:43,19:55:33,2022-08-26 09:15:43,480,100
2022-08-26,07:30:00,15:30:00,09:15:43,19:55:33,,105.7,22.0
2022-08-26,15:30:00,23:30:00,09:15:43,19:55:33,,214.5,44.7
2022-08-26,23:30:00,07:30:00,09:14:09,19:56:32,2022-08-27 09:14:09,480,100
2022-08-27,07:30:00,15:30:00,09:14:09,19:56:32,,104.2,21.7
2022-08-27,15:30:00,23:30:00,09:14:09,19:56:32,,213.5,44.5
2022-08-27,23:30:00,07:30:00,09:12:35,19:57:31,2022-08-28 09:12:35,480,100
2022-08-28,07:30:00,15:30:00,09:12:35,19:57:31,,102.6,21.4
2022-08-28,15:30:00,23:30:00,09:12:35,19:57:31,,212.5,44.3
2022-08-28,23:30:00,07:30:00,09:11:00,19:58:30,2022-08-29 09:11:00,480,100
2022-08-29,07:30:00,15:30:00,09:11:00,19:58:30,,101.0,21.0
2022-08-29,15:30:00,23:30:00,09:11:00,19:58:30,,211.5,44.1
2022-08-29,23:30:00,07:30:00,09:09:24,19:59:29,2022-08-30 09:09:24,480,100
2022-08-30,07:30:00,15:30:00,09:09:24,19:59:29,,99.4,20.7
2022-08-30,15:30:00,23:30:00,09:09:24,19:59:29,,210.5,43.9
2022-08-30,23:30:00,07:30:00,09:07:48,20:00:28,2022-08-31 09:07:48,480,100
2022-08-31,07:30:00,15:30:00,09:07:48,20:00:28,,97.8,20.4
2022-08-31,15:30:00,23:30:00,09:07:48,20:00:28,,209.5,43.6
2022-08-31,23:30:00,07:30:00,09:06:11,20:01:26,2022-09-01 09:06:11,480,100
2022-09-01,07:30:00,15:30:00,09:06:11,20:01:26,,96.2,20.0
2022-09-01,15:30:00,23:30:00,09:06:11,20:01:26,,208.6,43.5
2022-09-01,23:30:00,07:30:00,09:04:33,20:02:25,2022-09-02 09:04:33,480,100
2022-09-02,07:30:00,15:30:00,09:04:33,20:02:25,,94.6,19.7
2022-09-02,15:30:00,23:30:00,09:04:33,20:02:25,,207.6,43.3
2022-09-02,23:30:00,07:30:00,09:02:55,20:03:23,2022-09-03 09:02:55,480,100
2022-09-03,07:30:00,15:30:00,09:02:55,20:03:23,,92.9,19.4
2022-09-03,15:30:00,23:30:00,09:02:55,20:03:23,,206.6,43.0
2022-09-03,23:30:00,07:30:00,09:01:16,20:04:22,2022-09-04 09:01:16,480,100
2022-09-04,07:30:00,15:30:00,09:01:16,20:04:22,,91.3,19.0
2022-09-04,15:30:00,23:30:00,09:01:16,20:04:22,,205.6,42.8
2022-09-04,23:30:00,07:30:00,08:59:37,20:05:20,2022-09-05 08:59:37,480,100
2022-09-05,07:30:00,15:30:00,08:59:37,20:05:20,,89.6,18.7
2022-09-05,15:30:00,23:30:00,08:59:37,20:05:20,,204.7,42.6
2022-09-05,23:30:00,07:30:00,08:57:57,20:06:18,2022-09-06 08:57:57,480,100
2022-09-06,07:30:00,15:30:00,08:57:57,20:06:18,,88.0,18.3
2022-09-06,15:30:00,23:30:00,08:57:57,20:06:18,,203.7,42.4
2022-09-06,23:30:00,07:30:00,08:56:17,20:07:16,2022-09-07 08:56:17,480,100
2022-09-07,07:30:00,15:30:00,08:56:17,20:07:16,,86.3,18.0
2022-09-07,15:30:00,23:30:00,08:56:17,20:07:16,,202.7,42.2
2022-09-07,23:30:00,07:30:00,08:54:37,20:08:14,2022-09-08 08:54:37,480,100
2022-09-08,07:30:00,15:30:00,08:54:37,20:08:14,,84.6,17.6
2022-09-08,15:30:00,23:30:00,08:54:37,20:08:14,,201.8,42.0
2022-09-08,23:30:00,07:30:00,08:52:56,20:09:12,2022-09-09 08:52:56,480,100
2022-09-09,07:30:00,15:30:00,08:52:56,20:09:12,,82.9,17.3
2022-09-09,15:30:00,23:30:00,08:52:56,20:09:12,,200.8,41.8
2022-09-09,23:30:00,07:30:00,08:51:15,20:10:10,2022-09-10 08:51:15,480,100
2022-09-10,07:30:00,15:30:00,08:51:15,20:10:10,,81.3,16.9
2022-09-10,15:30:00,23:30:00,08:51:15,20:10:10,,199.8,41.6
2022-09-10,23:30:00,07:30:00,08:49:34,20:11:08,2022-09-11 08:49:34,480,100
2022-09-11,07:30:00,15:30:00,08:49:34,20:11:08,,79.6,16.6
2022-09-11,15:30:00,23:30:00,08:49:34,20:11:08,,198.9,41.4
2022-09-11,23:30:00,07:30:00,08:47:52,20:12:06,2022-09-12 08:47:52,480,100
2022-09-12,07:30:00,15:30:00,08:47:52,20:12:06,,77.9,16.2
2022-09-12,15:30:00,23:30:00,08:47:52,20:12:06,,197.9,41.2
2022-09-12,23:30:00,07:30:00,08:46:10,20:13:04,2022-09-13 08:46:10,480,100
2022-09-13,07:30:00,15:30:00,08:46:10,20:13:04,,76.2,15.9
2022-09-13,15:30:00,23:30:00,08:46:10,20:13:04,,196.9,41.0
2022-09-13,23:30:00,07:30:00,08:44:28,20:14:03,2022-09-14 08:44:28,480,100
2022-09-14,07:30:00,15:30:00,08:44:28,20:14:03,,74.5,15.5
2022-09-14,15:30:00,23:30:00,08:44:28,20:14:03,,196.0,40.8
2022-09-14,23:30:00,07:30:00,08:42:46,20:15:01,2022-09-15 08:42:46,480,100
2022-09-15,07:30:00,15:30:00,08:42:46,20:15:01,,72.8,15.2
2022-09-15,15:30:00,23:30:00,08:42:46,20:15:01,,195.0,40.6
2022-09-15,23:30:00,07:30:00,08:41:03,20:15:59,2022-09-16 08:41:03,480,100
2022-09-16,07:30:00,15:30:00,08:41:03,20:15:59,,71.1,14.8
2022-09-16,15:30:00,23:30:00,08:41:03,20:15:59,,194.0,40.4
2022-09-16,23:30:00,07:30:00,08:39:21,20:16:57,2022-09-17 08:39:21,480,100
2022-09-17,07:30:00,15:30:00,08:39:21,20:16:57,,69.4,14.5
2022-09-17,15:30:00,23:30:00,08:39:21,20:16:57,,193.1,40.2
2022-09-17,23:30:00,07:30:00,08:37:38,20:17:55,2022-09-18 08:37:38,480,100
2022-09-18,07:30:00,15:30:00,08:37:38,20:17:55,,67.6,14.1
2022-09-18,15:30:00,23:30:00,08:37:38,20:17:55,,192.1,40.0
2022-09-18,23:30:00,07:30:00,08:35:55,20:18:53,2022-09-19 08:35:55,480,100
2022-09-19,07:30:00,15:30:00,08:35:55,20:18:53,,65.9,13.7
2022-09-19,15:30:00,23:30:00,08:35:55,20:18:53,,191.1,39.8
2022-09-19,23:30:00,07:30:00,08:34:13,20:19:52,2022-09-20 08:34:13,480,100
2022-09-20,07:30:00,15:30:00,08:34:13,20:19:52,,64.2,13.4
2022-09-20,15:30:00,23:30:00,08:34:13,20:19:52,,190.1,39.6
2022-09-20,23:30:00,07:30:00,08:32:30,20:20:50,2022-09-21 08:32:30,480,100
2022-09-21,07:30:00,15:30:00,08:32:30,20:20:50,,62.5,13.0
2022-09-21,15:30:00,23:30:00,08:32:30,20:20:50,,189.2,39.4
2022-09-21,23:30:00,07:30:00,08:30:48,20:21:49,2022-09-22 08:30:48,480,100
2022-09-22,07:30:00,15:30:00,08:30:48,20:21:49,,60.8,12.7
2022-09-22,15:30:00,23:30:00,08:30:48,20:21:49,,188.2,39.2
2022-09-22,23:30:00,07:30:00,08:29:05,20:22:48,2022-09-23 08:29:05,480,100
2022-09-23,07:30:00,15:30:00,08:29:05,20:22:48,,59.1,12.3
2022-09-23,15:30:00,23:30:00,08:29:05,20:22:48,,187.2,39.0
2022-09-23,23:30:00,07:30:00,08:27:23,20:23:47,2022-09-24 08:27:23,480,100
2022-09-24,07:30:00,15:30:00,08:27:23,20:23:47,,57.4,12.0
2022-09-24,15:30:00,23:30:00,08:27:23,20:23:47,,186.2,38.8
2022-09-24,23:30:00,07:30:00,08:25:41,20:24:46,2022-09-25 08:25:41,480,100
2022-09-25,07:30:00,15:30:00,08:25:41,20:24:46,,55.7,11.6
2022-09-25,15:30:00,23:30:00,08:25:41,20:24:46,,185.2,38.6
2022-09-25,23:30:00,07:30:00,08:23:59,20:25:45,2022-09-26 08:23:59,480,100
2022-09-26,07:30:00,15:30:00,08:23:59,20:25:45,,54.0,11.3
2022-09-26,15:30:00,23:30:00,08:23:59,20:25:45,,184.3,38.4
2022-09-26,23:30:00,07:30:00,08:22:17,20:26:45,2022-09-27 08:22:17,480,100
2022-09-27,07:30:00,15:30:00,08:22:17,20:26:45,,52.3,10.9
2022-09-27,15:30:00,23:30:00,08:22:17,20:26:45,,183.3,38.2
2022-09-27,23:30:00,07:30:00,08:20:35,20:27:45,2022-09-28 08:20:35,480,100
2022-09-28,07:30:00,15:30:00,08:20:35,20:27:45,,50.6,10.5
2022-09-28,15:30:00,23:30:00,08:20:35,20:27:45,,182.3,38.0
2022-09-28,23:30:00,07:30:00,08:18:54,20:28:45,2022-09-29 08:18:54,480,100
2022-09-29,07:30:00,15:30:00,08:18:54,20:28:45,,48.9,10.2
2022-09-29,15:30:00,23:30:00,08:18:54,20:28:45,,181.3,37.8
2022-09-29,23:30:00,07:30:00,08:17:13,20:29:45,2022-09-30 08:17:13,480,100
2022-09-30,07:30:00,15:30:00,08:17:13,20:29:45,,47.2,9.8
2022-09-30,15:30:00,23:30:00,08:17:13,20:29:45,,180.3,37.6
2022-09-30,23:30:00,07:30:00,08:15:33,20:30:45,2022-10-01 08:15:33,480,100
2022-10-01,07:30:00,15:30:00,08:15:33,20:30:45,,45.6,9.5
2022-10-01,15:30:00,23:30:00,08:15:33,20:30:45,,179.3,37.4
2022-10-01,23:30:00,07:30:00,08:13:53,20:31:46,2022-10-02 08:13:53,480,100
2022-10-02,07:30:00,15:30:00,08:13:53,20:31:46,,43.9,9.1
2022-10-02,15:30:00,23:30:00,08:13:53,20:31:46,,178.2,37.1
2022-10-02,23:30:00,07:30:00,08:12:13,20:32:47,2022-10-03 08:12:13,480,100
2022-10-03,07:30:00,15:30:00,08:12:13,20:32:47,,42.2,8.8
2022-10-03,15:30:00,23:30:00,08:12:13,20:32:47,,177.2,36.9
2022-10-03,23:30:00,07:30:00,08:10:34,20:33:48,2022-10-04 08:10:34,480,100
2022-10-04,07:30:00,15:30:00,08:10:34,20:33:48,,40.6,8.5
2022-10-04,15:30:00,23:30:00,08:10:34,20:33:48,,176.2,36.7
2022-10-04,23:30:00,07:30:00,08:08:55,20:34:50,2022-10-05 08:08:55,480,100
2022-10-05,07:30:00,15:30:00,08:08:55,20:34:50,,38.9,8.1
2022-10-05,15:30:00,23:30:00,08:08:55,20:34:50,,175.2,36.5
2022-10-05,23:30:00,07:30:00,08:07:17,20:35:52,2022-10-06 08:07:17,480,100
2022-10-06,07:30:00,15:30:00,08:07:17,20:35:52,,37.3,7.8
2022-10-06,15:30:00,23:30:00,08:07:17,20:35:52,,174.1,36.3
2022-10-06,23:30:00,07:30:00,08:05:39,20:36:54,2022-10-07 08:05:39,480,100
2022-10-07,07:30:00,15:30:00,08:05:39,20:36:54,,35.7,7.4
2022-10-07,15:30:00,23:30:00,08:05:39,20:36:54,,173.1,36.1
2022-10-07,23:30:00,07:30:00,08:04:02,20:37:57,2022-10-08 08:04:02,480,100
2022-10-08,07:30:00,15:30:00,08:04:02,20:37:57,,34.0,7.1
2022-10-08,15:30:00,23:30:00,08:04:02,20:37:57,,172.1,35.9
2022-10-08,23:30:00,07:30:00,08:02:26,20:39:00,2022-10-09 08:02:26,480,100
2022-10-09,07:30:00,15:30:00,08:02:26,20:39:00,,32.4,6.7
2022-10-09,15:30:00,23:30:00,08:02:26,20:39:00,,171.0,35.6
2022-10-09,23:30:00,07:30:00,08:00:50,20:40:03,2022-10-10 08:00:50,480,100
2022-10-10,07:30:00,15:30:00,08:00:50,20:40:03,,30.8,6.4
2022-10-10,15:30:00,23:30:00,08:00:50,20:40:03,,170.0,35.4
2022-10-10,23:30:00,07:30:00,07:59:15,20:41:07,2022-10-11 07:59:15,480,100
2022-10-11,07:30:00,15:30:00,07:59:15,20:41:07,,29.3,6.1
2022-10-11,15:30:00,23:30:00,07:59:15,20:41:07,,168.9,35.2
2022-10-11,23:30:00,07:30:00,07:57:41,20:42:11,2022-10-12 07:57:41,480,100
2022-10-12,07:30:00,15:30:00,07:57:41,20:42:11,,27.7,5.8
2022-10-12,15:30:00,23:30:00,07:57:41,20:42:11,,167.8,35.0
2022-10-12,23:30:00,07:30:00,07:56:08,20:43:15,2022-10-13 07:56:08,480,100
2022-10-13,07:30:00,15:30:00,07:56:08,20:43:15,,26.1,5.4
2022-10-13,15:30:00,23:30:00,07:56:08,20:43:15,,166.8,34.8
2022-10-13,23:30:00,07:30:00,07:54:35,20:44:20,2022-10-14 07:54:35,480,100
2022-10-14,07:30:00,15:30:00,07:54:35,20:44:20,,24.6,5.1
2022-10-14,15:30:00,23:30:00,07:54:35,20:44:20,,165.7,34.5
2022-10-14,23:30:00,07:30:00,07:53:03,20:45:25,2022-10-15 07:53:03,480,100
2022-10-15,07:30:00,15:30:00,07:53:03,20:45:25,,23.1,4.8
2022-10-15,15:30:00,23:30:00,07:53:03,20:45:25,,164.6,34.3
2022-10-15,23:30:00,07:30:00,07:51:32,20:46:31,2022-10-16 07:51:32,480,100
2022-10-16,07:30:00,15:30:00,07:51:32,20:46:31,,21.5,4.5
2022-10-16,15:30:00,23:30:00,07:51:32,20:46:31,,163.5,34.1
2022-10-16,23:30:00,07:30:00,07:50:02,20:47:37,2022-10-17 07:50:02,480,100
2022-10-17,07:30:00,15:30:00,07:50:02,20:47:37,,20.0,4.2
2022-10-17,15:30:00,23:30:00,07:50:02,20:47:37,,162.4,33.8
2022-10-17,23:30:00,07:30:00,07:48:33,20:48:43,2022-10-18 07:48:33,480,100
2022-10-18,07:30:00,15:30:00,07:48:33,20:48:43,,18.6,3.9
2022-10-18,15:30:00,23:30:00,07:48:33,20:48:43,,161.3,33.6
2022-10-18,23:30:00,07:30:00,07:47:05,20:49:50,2022-10-19 07:47:05,480,100
2022-10-19,07:30:00,15:30:00,07:47:05,20:49:50,,17.1,3.6
2022-10-19,15:30:00,23:30:00,07:47:05,20:49:50,,160.2,33.4
2022-10-19,23:30:00,07:30:00,07:45:38,20:50:57,2022-10-20 07:45:38,480,100
2022-10-20,07:30:00,15:30:00,07:45:38,20:50:57,,15.6,3.3
2022-10-20,15:30:00,23:30:00,07:45:38,20:50:57,,159.1,33.1
2022-10-20,23:30:00,07:30:00,07:44:12,20:52:05,2022-10-21 07:44:12,480,100
2022-10-21,07:30:00,15:30:00,07:44:12,20:52:05,,14.2,3.0
2022-10-21,15:30:00,23:30:00,07:44:12,20:52:05,,157.9,32.9
2022-10-21,23:30:00,07:30:00,07:42:47,20:53:13,2022-10-22 07:42:47,480,100
2022-10-22,07:30:00,15:30:00,07:42:47,20:53:13,,12.8,2.7
2022-10-22,15:30:00,23:30:00,07:42:47,20:53:13,,156.8,32.7
2022-10-22,23:30:00,07:30:00,07:41:23,20:54:21,2022-10-23 07:41:23,480,100
2022-10-23,07:30:00,15:30:00,07:41:23,20:54:21,,11.4,2.4
2022-10-23,15:30:00,23:30:00,07:41:23,20:54:21,,155.7,32.4
2022-10-23,23:30:00,07:30:00,07:40:01,20:55:30,2022-10-24 07:40:01,480,100
2022-10-24,07:30:00,15:30:00,07:40:01,20:55:30,,10.0,2.1
2022-10-24,15:30:00,23:30:00,07:40:01,20:55:30,,154.5,32.2
2022-10-24,23:30:00,07:30:00,07:38:39,20:56:38,2022-10-25 07:38:39,480,100
2022-10-25,07:30:00,15:30:00,07:38:39,20:56:38,,8.7,1.8
2022-10-25,15:30:00,23:30:00,07:38:39,20:56:38,,153.4,32.0
2022-10-25,23:30:00,07:30:00,07:37:19,20:57:48,2022-10-26 07:37:19,480,100
2022-10-26,07:30:00,15:30:00,07:37:19,20:57:48,,7.3,1.5
2022-10-26,15:30:00,23:30:00,07:37:19,20:57:48,,152.2,31.7
2022-10-26,23:30:00,07:30:00,07:36:00,20:58:57,2022-10-27 07:36:00,480,100
2022-10-27,07:30:00,15:30:00,07:36:00,20:58:57,,6.0,1.3
2022-10-27,15:30:00,23:30:00,07:36:00,20:58:57,,151.1,31.5
2022-10-27,23:30:00,07:30:00,07:34:42,21:00:07,2022-10-28 07:34:42,480,100
2022-10-28,07:30:00,15:30:00,07:34:42,21:00:07,,4.7,1.0
2022-10-28,15:30:00,23:30:00,07:34:42,21:00:07,,149.9,31.2
2022-10-28,23:30:00,07:30:00,07:33:26,21:01:18,2022-10-29 07:33:26,480,100
2022-10-29,07:30:00,15:30:00,07:33:26,21:01:18,,3.4,0.7
2022-10-29,15:30:00,23:30:00,07:33:26,21:01:18,,148.7,31.0
2022-10-29,23:30:00,07:30:00,07:32:10,21:02:28,2022-10-30 07:32:10,480,100
2022-10-30,07:30:00,15:30:00,07:32:10,21:02:28,,2.2,0.5
2022-10-30,15:30:00,23:30:00,07:32:10,21:02:28,,147.5,30.7
2022-10-30,23:30:00,07:30:00,07:30:57,21:03:39,2022-10-31 07:30:57,480,100
2022-10-31,07:30:00,15:30:00,07:30:57,21:03:39,,1.0,0.2
2022-10-31,15:30:00,23:30:00,07:30:57,21:03:39,,146.4,30.5
2022-10-31,23:30:00,07:30:00,07:29:44,21:04:50,2022-11-01 07:29:44,479.7,99.9
2022-11-01,07:30:00,15:30:00,07:29:44,21:04:50,,0.0,0.0
2022-11-01,15:30:00,23:30:00,07:29:44,21:04:50,,145.2,30.3
2022-11-01,23:30:00,07:30:00,07:28:34,21:06:01,2022-11-02 07:28:34,478.6,99.7
2022-11-02,07:30:00,15:30:00,07:28:34,21:06:01,,0.0,0.0
2022-11-02,15:30:00,23:30:00,07:28:34,21:06:01,,144.0,30.0
2022-11-02,23:30:00,07:30:00,07:27:24,21:07:13,2022-11-03 07:27:24,477.4,99.5
2022-11-03,07:30:00,15:30:00,07:27:24,21:07:13,,0.0,0.0
2022-11-03,15:30:00,23:30:00,07:27:24,21:07:13,,142.8,29.8
2022-11-03,23:30:00,07:30:00,07:26:16,21:08:24,2022-11-04 07:26:16,476.3,99.2
2022-11-04,07:30:00,15:30:00,07:26:16,21:08:24,,0.0,0.0
2022-11-04,15:30:00,23:30:00,07:26:16,21:08:24,,141.6,29.5
2022-11-04,23:30:00,07:30:00,05:25:10,21:09:36,2022-11-05 05:25:10,355.2,74.0
2022-11-05,07:30:00,15:30:00,05:25:10,21:09:36,,0.0,0.0
2022-11-05,15:30:00,23:30:00,05:25:10,21:09:36,,140.4,29.3
2022-11-05,23:30:00,06:30:00,05:24:05,19:10:48,2022-11-06 05:24:05,414.1,86.3
2022-11-06,06:30:00,14:30:00,05:24:05,19:10:48,,0.0,0.0
2022-11-06,14:30:00,22:30:00,05:24:05,19:10:48,,199.2,41.5
2022-11-06,22:30:00,06:30:00,05:23:02,19:12:00,2022-11-07 05:23:02,413.0,86.0
2022-11-07,06:30:00,14:30:00,05:23:02,19:12:00,,0.0,0.0
2022-11-07,14:30:00,22:30:00,05:23:02,19:12:00,,198.0,41.3
2022-11-07,22:30:00,06:30:00,05:22:00,19:13:12,2022-11-08 05:22:00,412.0,85.8
2022-11-08,06:30:00,14:30:00,05:22:00,19:13:12,,0.0,0.0
2022-11-08,14:30:00,22:30:00,05:22:00,19:13:12,,196.8,41.0
2022-11-08,22:30:00,06:30:00,05:21:00,19:14:24,2022-11-09 05:21:00,411.0,85.6
2022-11-09,06:30:00,14:30:00,05:21:00,19:14:24,,0.0,0.0
2022-11-09,14:30:00,22:30:00,05:21:00,19:14:24,,195.6,40.8
2022-11-09,22:30:00,06:30:00,05:20:02,19:15:36,2022-11-10 05:20:02,410.0,85.4
2022-11-10,06:30:00,14:30:00,05:20:02,19:15:36,,0.0,0.0
2022-11-10,14:30:00,22:30:00,05:20:02,19:15:36,,194.4,40.5
2022-11-10,22:30:00,06:30:00,05:19:06,19:16:48,2022-11-11 05:19:06,409.1,85.2
2022-11-11,06:30:00,14:30:00,05:19:06,19:16:48,,0.0,0.0
2022-11-11,14:30:00,22:30:00,05:19:06,19:16:48,,193.2,40.3
2022-11-11,22:30:00,06:30:00,05:18:11,19:18:00,2022-11-12 05:18:11,408.2,85.0
2022-11-12,06:30:00,14:30:00,05:18:11,19:18:00,,0.0,0.0
2022-11-12,14:30:00,22:30:00,05:18:11,19:18:00,,192.0,40.0
2022-11-12,22:30:00,06:30:00,05:17:18,19:19:11,2022-11-13 05:17:18,407.3,84.9
2022-11-13,06:30:00,14:30:00,05:17:18,19:19:11,,0.0,0.0
2022-11-13,14:30:00,22:30:00,05:17:18,19:19:11,,190.8,39.8
2022-11-13,22:30:00,06:30:00,05:16:27,19:20:23,2022-11-14 05:16:27,406.5,84.7
2022-11-14,06:30:00,14:30:00,05:16:27,19:20:23,,0.0,0.0
2022-11-14,14:30:00,22:30:00,05:16:27,19:20:23,,189.6,39.5
2022-11-14,22:30:00,06:30:00,05:15:38,19:21:34,2022-11-15 05:15:38,405.6,84.5
2022-11-15,06:30:00,14:30:00,05:15:38,19:21:34,,0.0,0.0
2022-11-15,14:30:00,22:30:00,05:15:38,19:21:34,,188.4,39.3
2022-11-15,22:30:00,06:30:00,05:14:50,19:22:46,2022-11-16 05:14:50,404.8,84.3
2022-11-16,06:30:00,14:30:00,05:14:50,19:22:46,,0.0,0.0
2022-11-16,14:30:00,22:30:00,05:14:50,19:22:46,,187.2,39.0
2022-11-16,22:30:00,06:30:00,05:14:05,19:23:56,2022-11-17 05:14:05,404.1,84.2
2022-11-17,06:30:00,14:30:00,05:14:05,19:23:56,,0.0,0.0
2022-11-17,14:30:00,22:30:00,05:14:05,19:23:56,,186.1,38.8
2022-11-17,22:30:00,06:30:00,05:13:21,19:25:07,2022-11-18 05:13:21,403.4,84.0
2022-11-18,06:30:00,14:30:00,05:13:21,19:25:07,,0.0,0.0
2022-11-18,14:30:00,22:30:00,05:13:21,19:25:07,,184.9,38.5
2022-11-18,22:30:00,06:30:00,05:12:40,19:26:17,2022-11-19 05:12:40,402.7,83.9
2022-11-19,06:30:00,14:30:00,05:12:40,19:26:17,,0.0,0.0
2022-11-19,14:30:00,22:30:00,05:12:40,19:26:17,,183.7,38.3
2022-11-19,22:30:00,06:30:00,05:12:00,19:27:26,2022-11-20 05:12:00,402.0,83.8
2022-11-20,06:30:00,14:30:00,05:12:00,19:27:26,,0.0,0.0
2022-11-20,14:30:00,22:30:00,05:12:00,19:27:26,,182.6,38.0
2022-11-20,22:30:00,06:30:00,05:11:22,19:28:36,2022-11-21 05:11:22,401.4,83.6
2022-11-21,06:30:00,14:30:00,05:11:22,19:28:36,,0.0,0.0
2022-11-21,14:30:00,22:30:00,05:11:22,19:28:36,,181.4,37.8
2022-11-21,22:30:00,06:30:00,05:10:47,19:29:44,2022-11-22 05:10:47,400.8,83.5
2022-11-22,06:30:00,14:30:00,05:10:47,19:29:44,,0.0,0.0
2022-11-22,14:30:00,22:30:00,05:10:47,19:29:44,,180.3,37.6
2022-11-22,22:30:00,06:30:00,05:10:13,19:30:52,2022-11-23 05:10:13,400.2,83.4
2022-11-23,06:30:00,14:30:00,05:10:13,19:30:52,,0.0,0.0
2022-11-23,14:30:00,22:30:00,05:10:13,19:30:52,,179.1,37.3
2022-11-23,22:30:00,06:30:00,05:09:42,19:31:59,2022-11-24 05:09:42,399.7,83.3
2022-11-24,06:30:00,14:30:00,05:09:42,19:31:59,,0.0,0.0
2022-11-24,14:30:00,22:30:00,05:09:42,19:31:59,,178.0,37.1
2022-11-24,22:30:00,06:30:00,05:09:13,19:33:06,2022-11-25 05:09:13,399.2,83.2
2022-11-25,06:30:00,14:30:00,05:09:13,19:33:06,,0.0,0.0
2022-11-25,14:30:00,22:30:00,05:09:13,19:33:06,,176.9,36.9
2022-11-25,22:30:00,06:30:00,05:08:45,19:34:12,2022-11-26 05:08:45,398.8,83.1
2022-11-26,06:30:00,14:30:00,05:08:45,19:34:12,,0.0,0.0
2022-11-26,14:30:00,22:30:00,05:08:45,19:34:12,,175.8,36.6
2022-11-26,22:30:00,06:30:00,05:08:20,19:35:17,2022-11-27 05:08:20,398.3,83.0
2022-11-27,06:30:00,14:30:00,05:08:20,19:35:17,,0.0,0.0
2022-11-27,14:30:00,22:30:00,05:08:20,19:35:17,,174.7,36.4
2022-11-27,22:30:00,06:30:00,05:07:57,19:36:21,2022-11-28 05:07:57,398.0,82.9
2022-11-28,06:30:00,14:30:00,05:07:57,19:36:21,,0.0,0.0
2022-11-28,14:30:00,22:30:00,05:07:57,19:36:21,,173.7,36.2
2022-11-28,22:30:00,06:30:00,05:07:36,19:37:24,2022-11-29 05:07:36,397.6,82.8
2022-11-29,06:30:00,14:30:00,05:07:36,19:37:24,,0.0,0.0
2022-11-29,14:30:00,22:30:00,05:07:36,19:37:24,,172.6,36.0
2022-11-29,22:30:00,06:30:00,05:07:18,19:38:27,2022-11-30 05:07:18,397.3,82.8
2022-11-30,06:30:00,14:30:00,05:07:18,19:38:27,,0.0,0.0
2022-11-30,14:30:00,22:30:00,05:07:18,19:38:27,,171.6,35.8
2022-11-30,22:30:00,06:30:00,05:07:02,19:39:28,2022-12-01 05:07:02,397.0,82.7
2022-12-01,06:30:00,14:30:00,05:07:02,19:39:28,,0.0,0.0
2022-12-01,14:30:00,22:30:00,05:07:02,19:39:28,,170.5,35.5
2022-12-01,22:30:00,06:30:00,05:06:47,19:40:28,2022-12-02 05:06:47,396.8,82.7
2022-12-02,06:30:00,14:30:00,05:06:47,19:40:28,,0.0,0.0
2022-12-02,14:30:00,22:30:00,05:06:47,19:40:28,,169.5,35.3
2022-12-02,22:30:00,06:30:00,05:06:35,19:41:27,2022-12-03 05:06:35,396.6,82.6
2022-12-03,06:30:00,14:30:00,05:06:35,19:41:27,,0.0,0.0
2022-12-03,14:30:00,22:30:00,05:06:35,19:41:27,,168.6,35.1
2022-12-03,22:30:00,06:30:00,05:06:26,19:42:25,2022-12-04 05:06:26,396.4,82.6
2022-12-04,06:30:00,14:30:00,05:06:26,19:42:25,,0.0,0.0
2022-12-04,14:30:00,22:30:00,05:06:26,19:42:25,,167.6,34.9
2022-12-04,22:30:00,06:30:00,05:06:18,19:43:21,2022-12-05 05:06:18,396.3,82.6
2022-12-05,06:30:00,14:30:00,05:06:18,19:43:21,,0.0,0.0
2022-12-05,14:30:00,22:30:00,05:06:18,19:43:21,,166.7,34.7
2022-12-05,22:30:00,06:30:00,05:06:13,19:44:16,2022-12-06 05:06:13,396.2,82.5
2022-12-06,06:30:00,14:30:00,05:06:13,19:44:16,,0.0,0.0
2022-12-06,14:30:00,22:30:00,05:06:13,19:44:16,,165.7,34.5
2022-12-06,22:30:00,06:30:00,05:06:10,19:45:10,2022-12-07 05:06:10,396.2,82.5
2022-12-07,06:30:00,14:30:00,05:06:10,19:45:10,,0.0,0.0
2022-12-07,14:30:00,22:30:00,05:06:10,19:45:10,,164.8,34.3
2022-12-07,22:30:00,06:30:00,05:06:09,19:46:03,2022-12-08 05:06:09,396.2,82.5
2022-12-08,06:30:00,14:30:00,05:06:09,19:46:03,,0.0,0.0
2022-12-08,14:30:00,22:30:00,05:06:09,19:46:03,,164.0,34.2
2022-12-08,22:30:00,06:30:00,05:06:11,19:46:54,2022-12-09 05:06:11,396.2,82.5
2022-12-09,06:30:00,14:30:00,05:06:11,19:46:54,,0.0,0.0
2022-12-09,14:30:00,22:30:00,05:06:11,19:46:54,,163.1,34.0
2022-12-09,22:30:00,06:30:00,05:06:15,19:47:43,2022-12-10 05:06:15,396.3,82.6
2022-12-10,06:30:00,14:30:00,05:06:15,19:47:43,,0.0,0.0
2022-12-10,14:30:00,22:30:00,05:06:15,19:47:43,,162.3,33.8
2022-12-10,22:30:00,06:30:00,05:06:21,19:48:31,2022-12-11 05:06:21,396.4,82.6
2022-12-11,06:30:00,14:30:00,05:06:21,19:48:31,,0.0,0.0
2022-12-11,14:30:00,22:30:00,05:06:21,19:48:31,,161.5,33.6
2022-12-11,22:30:00,06:30:00,05:06:29,19:49:17,2022-12-12 05:06:29,396.5,82.6
2022-12-12,06:30:00,14:30:00,05:06:29,19:49:17,,0.0,0.0
2022-12-12,14:30:00,22:30:00,05:06:29,19:49:17,,160.7,33.5
2022-12-12,22:30:00,06:30:00,05:06:40,19:50:02,2022-12-13 05:06:40,396.7,82.6
2022-12-13,06:30:00,14:30:00,05:06:40,19:50:02,,0.0,0.0
2022-12-13,14:30:00,22:30:00,05:06:40,19:50:02,,160.0,33.3
2022-12-13,22:30:00,06:30:00,05:06:53,19:50:45,2022-12-14 05:06:53,396.9,82.7
2022-12-14,06:30:00,14:30:00,05:06:53,19:50:45,,0.0,0.0
2022-12-14,14:30:00,22:30:00,05:06:53,19:50:45,,159.3,33.2
2022-12-14,22:30:00,06:30:00,05:07:08,19:51:26,2022-12-15 05:07:08,397.1,82.7
2022-12-15,06:30:00,14:30:00,05:07:08,19:51:26,,0.0,0.0
2022-12-15,14:30:00,22:30:00,05:07:08,19:51:26,,158.6,33.0
2022-12-15,22:30:00,06:30:00,05:07:25,19:52:05,2022-12-16 05:07:25,397.4,82.8
2022-12-16,06:30:00,14:30:00,05:07:25,19:52:05,,0.0,0.0
2022-12-16,14:30:00,22:30:00,05:07:25,19:52:05,,157.9,32.9
2022-12-16,22:30:00,06:30:00,05:07:44,19:52:42,2022-12-17 05:07:44,397.7,82.9
2022-12-17,06:30:00,14:30:00,05:07:44,19:52:42,,0.0,0.0
2022-12-17,14:30:00,22:30:00,05:07:44,19:52:42,,157.3,32.8
2022-12-17,22:30:00,06:30:00,05:08:06,19:53:18,2022-12-18 05:08:06,398.1,82.9
2022-12-18,06:30:00,14:30:00,05:08:06,19:53:18,,0.0,0.0
2022-12-18,14:30:00,22:30:00,05:08:06,19:53:18,,156.7,32.6
2022-12-18,22:30:00,06:30:00,05:08:30,19:53:52,2022-12-19 05:08:30,398.5,83.0
2022-12-19,06:30:00,14:30:00,05:08:30,19:53:52,,0.0,0.0
2022-12-19,14:30:00,22:30:00,05:08:30,19:53:52,,156.1,32.5
2022-12-19,22:30:00,06:30:00,05:08:56,19:54:23,2022-12-20 05:08:56,398.9,83.1
2022-12-20,06:30:00,14:30:00,05:08:56,19:54:23,,0.0,0.0
2022-12-20,14:30:00,22:30:00,05:08:56,19:54:23,,155.6,32.4
2022-12-20,22:30:00,06:30:00,05:09:24,19:54:53,2022-12-21 05:09:24,399.4,83.2
2022-12-21,06:30:00,14:30:00,05:09:24,19:54:53,,0.0,0.0
2022-12-21,14:30:00,22:30:00,05:09:24,19:54:53,,155.1,32.3
2022-12-21,22:30:00,06:30:00,05:09:54,19:55:21,2022-12-22 05:09:54,399.9,83.3
2022-12-22,06:30:00,14:30:00,05:09:54,19:55:21,,0.0,0.0
2022-12-22,14:30:00,22:30:00,05:09:54,19:55:21,,154.7,32.2
2022-12-22,22:30:00,06:30:00,05:10:26,19:55:46,2022-12-23 05:10:26,400.4,83.4
2022-12-23,06:30:00,14:30:00,05:10:26,19:55:46,,0.0,0.0
2022-12-23,14:30:00,22:30:00,05:10:26,19:55:46,,154.2,32.1
2022-12-23,22:30:00,06:30:00,05:11:00,19:56:10,2022-12-24 05:11:00,401.0,83.5
2022-12-24,06:30:00,14:30:00,05:11:00,19:56:10,,0.0,0.0
2022-12-24,14:30:00,22:30:00,05:11:00,19:56:10,,153.8,32.0
2022-12-24,22:30:00,06:30:00,05:11:36,19:56:32,2022-12-25 05:11:36,401.6,83.7
2022-12-25,06:30:00,14:30:00,05:11:36,19:56:32,,0.0,0.0
2022-12-25,14:30:00,22:30:00,05:11:36,19:56:32,,153.5,32.0
2022-12-25,22:30:00,06:30:00,05:12:14,19:56:51,2022-12-26 05:12:14,402.2,83.8
2022-12-26,06:30:00,14:30:00,05:12:14,19:56:51,,0.0,0.0
2022-12-26,14:30:00,22:30:00,05:12:14,19:56:51,,153.2,31.9
2022-12-26,22:30:00,06:30:00,05:12:54,19:57:08,2022-12-27 05:12:54,402.9,83.9
2022-12-27,06:30:00,14:30:00,05:12:54,19:57:08,,0.0,0.0
2022-12-27,14:30:00,22:30:00,05:12:54,19:57:08,,152.9,31.9
2022-12-27,22:30:00,06:30:00,05:13:36,19:57:23,2022-12-28 05:13:36,403.6,84.1
2022-12-28,06:30:00,14:30:00,05:13:36,19:57:23,,0.0,0.0
2022-12-28,14:30:00,22:30:00,05:13:36,19:57:23,,152.6,31.8
2022-12-28,22:30:00,06:30:00,05:14:20,19:57:36,2022-12-29 05:14:20,404.3,84.2
2022-12-29,06:30:00,14:30:00,05:14:20,19:57:36,,0.0,0.0
2022-12-29,14:30:00,22:30:00,05:14:20,19:57:36,,152.4,31.8
2022-12-29,22:30:00,06:30:00,05:15:05,19:57:47,2022-12-30 05:15:05,405.1,84.4
2022-12-30,06:30:00,14:30:00,05:15:05,19:57:47,,0.0,0.0
2022-12-30,14:30:00,22:30:00,05:15:05,19:57:47,,152.2,31.7
2022-12-30,22:30:00,06:30:00,05:15:52,19:57:56,2022-12-31 05:15:52,405.9,84.6
2022-12-31,06:30:00,14:30:00,05:15:52,19:57:56,,0.0,0.0
2022-12-31,14:30:00,22:30:00,05:15:52,19:57:56,,152.1,31.7
2022-12-31,22:30:00,06:30:00,05:16:41,19:58:02,2023-01-01 05:16:41,406.7,84.7
2023-01-01,06:30:00,14:30:00,05:16:41,19:58:02,,0.0,0.0
2023-01-01,14:30:00,22:30:00,05:16:41,19:58:02,,152.0,31.7
2023-01-01,22:30:00,06:30:00,05:17:32,19:58:06,2023-01-02 05:17:32,407.5,84.9
2023-01-02,06:30:00,14:30:00,05:17:32,19:58:06,,0.0,0.0
2023-01-02,14:30:00,22:30:00,05:17:32,19:58:06,,151.9,31.6
2023-01-02,22:30:00,06:30:00,05:18:24,19:58:08,2023-01-03 05:18:24,408.4,85.1
2023-01-03,06:30:00,14:30:00,05:18:24,19:58:08,,0.0,0.0
2023-01-03,14:30:00,22:30:00,05:18:24,19:58:08,,151.9,31.6
2023-01-03,22:30:00,06:30:00,05:19:17,19:58:08,2023-01-04 05:19:17,409.3,85.3
2023-01-04,06:30:00,14:30:00,05:19:17,19:58:08,,0.0,0.0
2023-01-04,14:30:00,22:30:00,05:19:17,19:58:08,,151.9,31.6
2023-01-04,22:30:00,06:30:00,05:20:13,19:58:05,2023-01-05 05:20:13,410.2,85.5
2023-01-05,06:30:00,14:30:00,05:20:13,19:58:05,,0.0,0.0
2023-01-05,14:30:00,22:30:00,05:20:13,19:58:05,,151.9,31.6
2023-01-05,22:30:00,06:30:00,05:21:09,19:58:00,2023-01-06 05:21:09,411.2,85.7
2023-01-06,06:30:00,14:30:00,05:21:09,19:58:00,,0.0,0.0
2023-01-06,14:30:00,22:30:00,05:21:09,19:58:00,,152.0,31.7
2023-01-06,22:30:00,06:30:00,05:22:07,19:57:53,2023-01-07 05:22:07,412.1,85.9
2023-01-07,06:30:00,14:30:00,05:22:07,19:57:53,,0.0,0.0
2023-01-07,14:30:00,22:30:00,05:22:07,19:57:53,,152.1,31.7
2023-01-07,22:30:00,06:30:00,05:23:06,19:57:44,2023-01-08 05:23:06,413.1,86.1
2023-01-08,06:30:00,14:30:00,05:23:06,19:57:44,,0.0,0.0
2023-01-08,14:30:00,22:30:00,05:23:06,19:57:44,,152.3,31.7
2023-01-08,22:30:00,06:30:00,05:24:07,19:57:33,2023-01-09 05:24:07,414.1,86.3
2023-01-09,06:30:00,14:30:00,05:24:07,19:57:33,,0.0,0.0
2023-01-09,14:30:00,22:30:00,05:24:07,19:57:33,,152.5,31.8
2023-01-09,22:30:00,06:30:00,05:25:09,19:57:19,2023-01-10 05:25:09,415.2,86.5
2023-01-10,06:30:00,14:30:00,05:25:09,19:57:19,,0.0,0.0
2023-01-10,14:30:00,22:30:00,05:25:09,19:57:19,,152.7,31.8
2023-01-10,22:30:00,06:30:00,05:26:12,19:57:03,2023-01-11 05:26:12,416.2,86.7
2023-01-11,06:30:00,14:30:00,05:26:12,19:57:03,,0.0,0.0
2023-01-11,14:30:00,22:30:00,05:26:12,19:57:03,,153.0,31.9
2023-01-11,22:30:00,06:30:00,05:27:16,19:56:45,2023-01-12 05:27:16,417.3,86.9
2023-01-12,06:30:00,14:30:00,05:27:16,19:56:45,,0.0,0.0
2023-01-12,14:30:00,22:30:00,05:27:16,19:56:45,,153.3,31.9
2023-01-12,22:30:00,06:30:00,05:28:21,19:56:25,2023-01-13 05:28:21,418.4,87.2
2023-01-13,06:30:00,14:30:00,05:28:21,19:56:25,,0.0,0.0
2023-01-13,14:30:00,22:30:00,05:28:21,19:56:25,,153.6,32.0
2023-01-13,22:30:00,06:30:00,05:29:27,19:56:03,2023-01-14 05:29:27,419.5,87.4
2023-01-14,06:30:00,14:30:00,05:29:27,19:56:03,,0.0,0.0
2023-01-14,14:30:00,22:30:00,05:29:27,19:56:03,,154.0,32.1
2023-01-14,22:30:00,06:30:00,05:30:34,19:55:39,2023-01-15 05:30:34,420.6,87.6
2023-01-15,06:30:00,14:30:00,05:30:34,19:55:39,,0.0,0.0
2023-01-15,14:30:00,22:30:00,05:30:34,19:55:39,,154.4,32.2
2023-01-15,22:30:00,06:30:00,05:31:42,19:55:12,2023-01-16 05:31:42,421.7,87.9
2023-01-16,06:30:00,14:30:00,05:31:42,19:55:12,,0.0,0.0
2023-01-16,14:30:00,22:30:00,05:31:42,19:55:12,,154.8,32.3
2023-01-16,22:30:00,06:30:00,05:32:50,19:54:44,2023-01-17 05:32:50,422.8,88.1
2023-01-17,06:30:00,14:30:00,05:32:50,19:54:44,,0.0,0.0
2023-01-17,14:30:00,22:30:00,05:32:50,19:54:44,,155.3,32.4
2023-01-17,22:30:00,06:30:00,05:34:00,19:54:13,2023-01-18 05:34:00,424.0,88.3
2023-01-18,06:30:00,14:30:00,05:34:00,19:54:13,,0.0,0.0
2023-01-18,14:30:00,22:30:00,05:34:00,19:54:13,,155.8,32.5
2023-01-18,22:30:00,06:30:00,05:35:10,19:53:40,2023-01-19 05:35:10,425.2,88.6
2023-01-19,06:30:00,14:30:00,05:35:10,19:53:40,,0.0,0.0
2023-01-19,14:30:00,22:30:00,05:35:10,19:53:40,,156.3,32.6
2023-01-19,22:30:00,06:30:00,05:36:21,19:53:05,2023-01-20 05:36:21,426.4,88.8
2023-01-20,06:30:00,14:30:00,05:36:21,19:53:05,,0.0,0.0
2023-01-20,14:30:00,22:30:00,05:36:21,19:53:05,,156.9,32.7
2023-01-20,22:30:00,06:30:00,05:37:32,19:52:29,2023-01-21 05:37:32,427.5,89.1
2023-01-21,06:30:00,14:30:00,05:37:32,19:52:29,,0.0,0.0
2023-01-21,14:30:00,22:30:00,05:37:32,19:52:29,,157.5,32.8
2023-01-21,22:30:00,06:30:00,05:38:44,19:51:50,2023-01-22 05:38:44,428.7,89.3
2023-01-22,06:30:00,14:30:00,05:38:44,19:51:50,,0.0,0.0
2023-01-22,14:30:00,22:30:00,05:38:44,19:51:50,,158.2,33.0
2023-01-22,22:30:00,06:30:00,05:39:57,19:51:09,2023-01-23 05:39:57,430.0,89.6
2023-01-23,06:30:00,14:30:00,05:39:57,19:51:09,,0.0,0.0
2023-01-23,14:30:00,22:30:00,05:39:57,19:51:09,,158.9,33.1
2023-01-23,22:30:00,06:30:00,05:41:10,19:50:26,2023-01-24 05:41:10,431.2,89.8
2023-01-24,06:30:00,14:30:00,05:41:10,19:50:26,,0.0,0.0
2023-01-24,14:30:00,22:30:00,05:41:10,19:50:26,,159.6,33.2
2023-01-24,22:30:00,06:30:00,05:42:23,19:49:42,2023-01-25 05:42:23,432.4,90.1
2023-01-25,06:30:00,14:30:00,05:42:23,19:49:42,,0.0,0.0
2023-01-25,14:30:00,22:30:00,05:42:23,19:49:42,,160.3,33.4
2023-01-25,22:30:00,06:30:00,05:43:37,19:48:55,2023-01-26 05:43:37,433.6,90.3
2023-01-26,06:30:00,14:30:00,05:43:37,19:48:55,,0.0,0.0
2023-01-26,14:30:00,22:30:00,05:43:37,19:48:55,,161.1,33.6
2023-01-26,22:30:00,06:30:00,05:44:51,19:48:07,2023-01-27 05:44:51,434.9,90.6
2023-01-27,06:30:00,14:30:00,05:44:51,19:48:07,,0.0,0.0
2023-01-27,14:30:00,22:30:00,05:44:51,19:48:07,,161.9,33.7
2023-01-27,22:30:00,06:30:00,05:46:06,19:47:17,2023-01-28 05:46:06,436.1,90.9
2023-01-28,06:30:00,14:30:00,05:46:06,19:47:17,,0.0,0.0
2023-01-28,14:30:00,22:30:00,05:46:06,19:47:17,,162.7,33.9
2023-01-28,22:30:00,06:30:00,05:47:20,19:46:25,2023-01-29 05:47:20,437.3,91.1
2023-01-29,06:30:00,14:30:00,05:47:20,19:46:25,,0.0,0.0
2023-01-29,14:30:00,22:30:00,05:47:20,19:46:25,,163.6,34.1
2023-01-29,22:30:00,06:30:00,05:48:35,19:45:31,2023-01-30 05:48:35,438.6,91.4
2023-01-30,06:30:00,14:30:00,05:48:35,19:45:31,,0.0,0.0
2023-01-30,14:30:00,22:30:00,05:48:35,19:45:31,,164.5,34.3
2023-01-30,22:30:00,06:30:00,05:49:50,19:44:36,2023-01-31 05:49:50,439.8,91.6
2023-01-31,06:30:00,14:30:00,05:49:50,19:44:36,,0.0,0.0
2023-01-31,14:30:00,22:30:00,05:49:50,19:44:36,,165.4,34.5
2023-01-31,22:30:00,06:30:00,05:51:05,19:43:39,2023-02-01 05:51:05,441.1,91.9
2023-02-01,06:30:00,14:30:00,05:51:05,19:43:39,,0.0,0.0
2023-02-01,14:30:00,22:30:00,05:51:05,19:43:39,,166.4,34.7
2023-02-01,22:30:00,06:30:00,05:52:20,19:42:40,2023-02-02 05:52:20,442.3,92.1
2023-02-02,06:30:00,14:30:00,05:52:20,19:42:40,,0.0,0.0
2023-02-02,14:30:00,22:30:00,05:52:20,19:42:40,,167.3,34.9
2023-02-02,22:30:00,06:30:00,05:53:35,19:41:39,2023-02-03 05:53:35,443.6,92.4
2023-02-03,06:30:00,14:30:00,05:53:35,19:41:39,,0.0,0.0
2023-02-03,14:30:00,22:30:00,05:53:35,19:41:39,,168.4,35.1
2023-02-03,22:30:00,06:30:00,05:54:50,19:40:37,2023-02-04 05:54:50,444.8,92.7
2023-02-04,06:30:00,14:30:00,05:54:50,19:40:37,,0.0,0.0
2023-02-04,14:30:00,22:30:00,05:54:50,19:40:37,,169.4,35.3
2023-02-04,22:30:00,06:30:00,05:56:05,19:39:33,2023-02-05 05:56:05,446.1,92.9
2023-02-05,06:30:00,14:30:00,05:56:05,19:39:33,,0.0,0.0
2023-02-05,14:30:00,22:30:00,05:56:05,19:39:33,,170.5,35.5
2023-02-05,22:30:00,06:30:00,05:57:20,19:38:28,2023-02-06 05:57:20,447.3,93.2
2023-02-06,06:30:00,14:30:00,05:57:20,19:38:28,,0.0,0.0
2023-02-06,14:30:00,22:30:00,05:57:20,19:38:28,,171.5,35.7
2023-02-06,22:30:00,06:30:00,05:58:35,19:37:21,2023-02-07 05:58:35,448.6,93.5
2023-02-07,06:30:00,14:30:00,05:58:35,19:37:21,,0.0,0.0
2023-02-07,14:30:00,22:30:00,05:58:35,19:37:21,,172.7,36.0
2023-02-07,22:30:00,06:30:00,05:59:49,19:36:13,2023-02-08 05:59:49,449.8,93.7
2023-02-08,06:30:00,14:30:00,05:59:49,19:36:13,,0.0,0.0
2023-02-08,14:30:00,22:30:00,05:59:49,19:36:13,,173.8,36.2
2023-02-08,22:30:00,06:30:00,06:01:04,19:35:03,2023-02-09 06:01:04,451.1,94.0
2023-02-09,06:30:00,14:30:00,06:01:04,19:35:03,,0.0,0.0
2023-02-09,14:30:00,22:30:00,06:01:04,19:35:03,,175.0,36.5
2023-02-09,22:30:00,06:30:00,06:02:18,19:33:52,2023-02-10 06:02:18,452.3,94.2
2023-02-10,06:30:00,14:30:00,06:02:18,19:33:52,,0.0,0.0
2023-02-10,14:30:00,22:30:00,06:02:18,19:33:52,,176.1,36.7
2023-02-10,22:30:00,06:30:00,06:03:32,19:32:39,2023-02-11 06:03:32,453.5,94.5
2023-02-11,06:30:00,14:30:00,06:03:32,19:32:39,,0.0,0.0
2023-02-11,14:30:00,22:30:00,06:03:32,19:32:39,,177.4,37.0
2023-02-11,22:30:00,06:30:00,06:04:46,19:31:25,2023-02-12 06:04:46,454.8,94.8
2023-02-12,06:30:00,14:30:00,06:04:46,19:31:25,,0.0,0.0
2023-02-12,14:30:00,22:30:00,06:04:46,19:31:25,,178.6,37.2
2023-02-12,22:30:00,06:30:00,06:06:00,19:30:10,2023-02-13 06:06:00,456.0,95.0
2023-02-13,06:30:00,14:30:00,06:06:00,19:30:10,,0.0,0.0
2023-02-13,14:30:00,22:30:00,06:06:00,19:30:10,,179.8,37.5
2023-02-13,22:30:00,06:30:00,06:07:13,19:28:53,2023-02-14 06:07:13,457.2,95.3
2023-02-14,06:30:00,14:30:00,06:07:13,19:28:53,,0.0,0.0
2023-02-14,14:30:00,22:30:00,06:07:13,19:28:53,,181.1,37.7
2023-02-14,22:30:00,06:30:00,06:08:27,19:27:35,2023-02-15 06:08:27,458.5,95.5
2023-02-15,06:30:00,14:30:00,06:08:27,19:27:35,,0.0,0.0
2023-02-15,14:30:00,22:30:00,06:08:27,19:27:35,,182.4,38.0
2023-02-15,22:30:00,06:30:00,06:09:39,19:26:16,2023-02-16 06:09:39,459.7,95.8
2023-02-16,06:30:00,14:30:00,06:09:39,19:26:16,,0.0,0.0
2023-02-16,14:30:00,22:30:00,06:09:39,19:26:16,,183.7,38.3
2023-02-16,22:30:00,06:30:00,06:10:52,19:24:56,2023-02-17 06:10:52,460.9,96.0
2023-02-17,06:30:00,14:30:00,06:10:52,19:24:56,,0.0,0.0
2023-02-17,14:30:00,22:30:00,06:10:52,19:24:56,,185.1,38.6
2023-02-17,22:30:00,06:30:00,06:12:04,19:23:34,2023-02-18 06:12:04,462.1,96.3
2023-02-18,06:30:00,14:30:00,06:12:04,19:23:34,,0.0,0.0
2023-02-18,14:30:00,22:30:00,06:12:04,19:23:34,,186.4,38.8
2023-02-18,22:30:00,06:30:00,06:13:16,19:22:12,2023-02-19 06:13:16,463.3,96.5
2023-02-19,06:30:00,14:30:00,06:13:16,19:22:12,,0.0,0.0
2023-02-19,14:30:00,22:30:00,06:13:16,19:22:12,,187.8,39.1
2023-02-19,22:30:00,06:30:00,06:14:28,19:20:48,2023-02-20 06:14:28,464.5,96.8
2023-02-20,06:30:00,14:30:00,06:14:28,19:20:48,,0.0,0.0
2023-02-20,14:30:00,22:30:00,06:14:28,19:20:48,,189.2,39.4
2023-02-20,22:30:00,06:30:00,06:15:39,19:19:23,2023-02-21 06:15:39,465.7,97.0
2023-02-21,06:30:00,14:30:00,06:15:39,19:19:23,,0.0,0.0
2023-02-21,14:30:00,22:30:00,06:15:39,19:19:23,,190.6,39.7
2023-02-21,22:30:00,06:30:00,06:16:50,19:17:57,2023-02-22 06:16:50,466.8,97.3
2023-02-22,06:30:00,14:30:00,06:16:50,19:17:57,,0.0,0.0
2023-02-22,14:30:00,22:30:00,06:16:50,19:17:57,,192.1,40.0
2023-02-22,22:30:00,06:30:00,06:18:00,19:16:30,2023-02-23 06:18:00,468.0,97.5
2023-02-23,06:30:00,14:30:00,06:18:00,19:16:30,,0.0,0.0
2023-02-23,14:30:00,22:30:00,06:18:00,19:16:30,,193.5,40.3
2023-02-23,22:30:00,06:30:00,06:19:10,19:15:03,2023-02-24 06:19:10,469.2,97.7
2023-02-24,06:30:00,14:30:00,06:19:10,19:15:03,,0.0,0.0
2023-02-24,14:30:00,22:30:00,06:19:10,19:15:03,,195.0,40.6
2023-02-24,22:30:00,06:30:00,06:20:20,19:13:34,2023-02-25 06:20:20,470.3,98.0
2023-02-25,06:30:00,14:30:00,06:20:20,19:13:34,,0.0,0.0
2023-02-25,14:30:00,22:30:00,06:20:20,19:13:34,,196.4,40.9
2023-02-25,22:30:00,06:30:00,06:21:29,19:12:04,2023-02-26 06:21:29,471.5,98.2
2023-02-26,06:30:00,14:30:00,06:21:29,19:12:04,,0.0,0.0
2023-02-26,14:30:00,22:30:00,06:21:29,19:12:04,,197.9,41.2
2023-02-26,22:30:00,06:30:00,06:22:39,19:10:34,2023-02-27 06:22:39,472.7,98.5
2023-02-27,06:30:00,14:30:00,06:22:39,19:10:34,,0.0,0.0
2023-02-27,14:30:00,22:30:00,06:22:39,19:10:34,,199.4,41.5
2023-02-27,22:30:00,06:30:00,06:23:47,19:09:03,2023-02-28 06:23:47,473.8,98.7
2023-02-28,06:30:00,14:30:00,06:23:47,19:09:03,,0.0,0.0
2023-02-28,14:30:00,22:30:00,06:23:47,19:09:03,,201.0,41.9
2023-02-28,22:30:00,06:30:00,06:24:56,19:07:30,2023-03-01 06:24:56,474.9,98.9
2023-03-01,06:30:00,14:30:00,06:24:56,19:07:30,,0.0,0.0
2023-03-01,14:30:00,22:30:00,06:24:56,19:07:30,,202.5,42.2
