1646316441,2022-03-02 20:35:34,2022-03-03 07:56:21
1646402841,2022-03-03 20:34:00,2022-03-04 07:57:29
1646489241,2022-03-04 20:32:25,2022-03-05 07:58:36
1646575641,2022-03-05 20:30:50,2022-03-06 07:59:43
1646662041,2022-03-06 20:29:15,2022-03-07 08:00:49
1646748441,2022-03-07 20:27:39,2022-03-08 08:01:55
1646834841,2022-03-08 20:26:02,2022-03-09 08:03:01
1646921241,2022-03-09 20:24:24,2022-03-10 08:04:07
1647007641,2022-03-10 20:22:47,2022-03-11 08:05:12
1647094041,2022-03-11 20:21:09,2022-03-12 08:06:17
1647180441,2022-03-12 20:19:30,2022-03-13 09:07:22
1647266841,2022-03-13 21:17:51,2022-03-14 09:08:27
1647353241,2022-03-14 21:16:12,2022-03-15 09:09:31
1647439641,2022-03-15 21:14:32,2022-03-16 09:10:35
1646316441,2022-03-02 20:35:34,2022-03-03 07:56:21
1646402841,2022-03-03 20:34:00,2022-03-04 07:57:29
1646489241,2022-03-04 20:32:25,2022-03-05 07:58:36
1646575641,2022-03-05 20:30:50,2022-03-06 07:59:43
1646662041,2022-03-06 20:29:15,2022-03-07 08:00:49
1646748441,2022-03-07 20:27:39,2022-03-08 08:01:55
1646834841,2022-03-08 20:26:02,2022-03-09 08:03:01
1646921241,2022-03-09 20:24:24,2022-03-10 08:04:07
1647007641,2022-03-10 20:22:47,2022-03-11 08:05:12
1647094041,2022-03-11 20:21:09,2022-03-12 08:06:17
1647180441,2022-03-12 20:19:30,2022-03-13 09:07:22
1647266841,2022-03-13 21:17:51,2022-03-14 09:08:27
1647353241,2022-03-14 21:16:12,2022-03-15 09:09:31
1647439641,2022-03-15 21:14:32,2022-03-16 09:10:35
1646316441,2022-03-02 20:35:34,2022-03-03 07:56:21
1646402841,2022-03-03 20:34:00,2022-03-04 07:57:29
1646489241,2022-03-04 20:32:25,2022-03-05 07:58:36
1646575641,2022-03-05 20:30:50,2022-03-06 07:59:43
1646662041,2022-03-06 20:29:15,2022-03-07 08:00:49
1646748441,2022-03-07 20:27:39,2022-03-08 08:01:55
1646834841,2022-03-08 20:26:02,2022-03-09 08:03:01
1646921241,2022-03-09 20:24:24,2022-03-10 08:04:07
1647007641,2022-03-10 20:22:47,2022-03-11 08:05:12
1647094041,2022-03-11 20:21:09,2022-03-12 08:06:17
1647180441,2022-03-12 20:19:30,2022-03-13 09:07:22
1647266841,2022-03-13 21:17:51,2022-03-14 09:08:27
1647353241,2022-03-14 21:16:12,2022-03-15 09:09:31
1647439641,2022-03-15 21:14:32,2022-03-16 09:10:35
1646316441,2022-03-02 20:35:34,2022-03-03 07:56:21
1646402841,2022-03-03 20:34:00,2022-03-04 07:57:29
1646489241,2022-03-04 20:32:25,2022-03-05 07:58:36
1646575641,2022-03-05 20:30:50,2022-03-06 07:59:43
1646662041,2022-03-06 20:29:15,2022-03-07 08:00:49
1646748441,2022-03-07 20:27:39,2022-03-08 08:01:55
1646834841,2022-03-08 20:26:02,2022-03-09 08:03:01
1646921241,2022-03-09 20:24:24,2022-03-10 08:04:07
1647007641,2022-03-10 20:22:47,2022-03-11 08:05:12
1647094041,2022-03-11 20:21:09,2022-03-12 08:06:17
1647180441,2022-03-12 20:19:30,2022-03-13 09:07:22
1647266841,2022-03-13 21:17:51,2022-03-14 09:08:27
1647353241,2022-03-14 21:16:12,2022-03-15 09:09:31
1647439641,2022-03-15 21:14:32,2022-03-16 09:10:35
1647526041,2022-03-16 21:12:52,2022-03-17 09:11:39
1647612441,2022-03-17 21:11:12,2022-03-18 09:12:43
1647698841,2022-03-18 21:09:32,2022-03-19 09:13:47
1647785241,2022-03-19 21:07:52,2022-03-20 09:14:50
1647871641,2022-03-20 21:06:11,2022-03-21 09:15:53
1647958041,2022-03-21 21:04:31,2022-03-22 09:16:56
1648044441,2022-03-22 21:02:50,2022-03-23 09:17:59
1648130841,2022-03-23 21:01:09,2022-03-24 09:19:02
1648217241,2022-03-24 20:59:29,2022-03-25 09:20:05
1648303641,2022-03-25 20:57:48,2022-03-26 09:21:07
1648390041,2022-03-26 20:56:08,2022-03-27 09:22:10
1648476441,2022-03-27 20:54:27,2022-03-28 09:23:13
1648562841,2022-03-28 20:52:47,2022-03-29 09:24:15
1648649241,2022-03-29 20:51:07,2022-03-30 09:25:18
1648735641,2022-03-30 20:49:27,2022-03-31 09:26:20
1648822041,2022-03-31 20:47:48,2022-04-01 09:27:22
1648908441,2022-04-01 20:46:09,2022-04-02 09:28:25
1648994841,2022-04-02 20:44:30,2022-04-03 09:29:27
1649081241,2022-04-03 20:42:51,2022-04-04 09:30:30
1649167641,2022-04-04 20:41:13,2022-04-05 09:31:32
1649254041,2022-04-05 20:39:35,2022-04-06 09:32:35
1649340441,2022-04-06 20:37:58,2022-04-07 09:33:37
1649426841,2022-04-07 20:36:21,2022-04-08 09:34:40
1649513241,2022-04-08 20:34:45,2022-04-09 09:35:43
1649599641,2022-04-09 20:33:09,2022-04-10 09:36:46
1649686041,2022-04-10 20:31:34,2022-04-11 09:37:48
1649772441,2022-04-11 20:29:59,2022-04-12 09:38:51
1649858841,2022-04-12 20:28:25,2022-04-13 09:39:54
1649945241,2022-04-13 20:26:52,2022-04-14 09:40:58
1650031641,2022-04-14 20:25:20,2022-04-15 09:42:01
1650118041,2022-04-15 20:23:48,2022-04-16 09:43:04
1650204441,2022-04-16 20:22:17,2022-04-17 09:44:07
1650290841,2022-04-17 20:20:47,2022-04-18 09:45:11
1650377241,2022-04-18 20:19:17,2022-04-19 09:46:14
1650463641,2022-04-19 20:17:49,2022-04-20 09:47:18
1650550041,2022-04-20 20:16:21,2022-04-21 09:48:21
1650636441,2022-04-21 20:14:54,2022-04-22 09:49:25
1650722841,2022-04-22 20:13:28,2022-04-23 09:50:29
1650809241,2022-04-23 20:12:04,2022-04-24 09:51:32
1650895641,2022-04-24 20:10:40,2022-04-25 09:52:36
1650982041,2022-04-25 20:09:17,2022-04-26 09:53:40
1651068441,2022-04-26 20:07:55,2022-04-27 09:54:43
1651154841,2022-04-27 20:06:35,2022-04-28 09:55:47
1651241241,2022-04-28 20:05:15,2022-04-29 09:56:51
1651327641,2022-04-29 20:03:57,2022-04-30 09:57:54
1651414041,2022-04-30 20:02:40,2022-05-01 09:58:58
1651500441,2022-05-01 20:01:24,2022-05-02 10:00:01
1651586841,2022-05-02 20:00:09,2022-05-03 10:01:05
1651673241,2022-05-03 19:58:56,2022-05-04 10:02:08
1651759641,2022-05-04 19:57:44,2022-05-05 10:03:11
1651846041,2022-05-05 19:56:33,2022-05-06 10:04:14
1651932441,2022-05-06 19:55:23,2022-05-07 10:05:16
1652018841,2022-05-07 19:54:15,2022-05-08 10:06:18
1652105241,2022-05-08 19:53:08,2022-05-09 10:07:21
1652191641,2022-05-09 19:52:03,2022-05-10 10:08:22
1652278041,2022-05-10 19:50:59,2022-05-11 10:09:24
1652364441,2022-05-11 19:49:57,2022-05-12 10:10:25
1652450841,2022-05-12 19:48:56,2022-05-13 10:11:25
1652537241,2022-05-13 19:47:57,2022-05-14 10:12:26
1652623641,2022-05-14 19:46:59,2022-05-15 10:13:25
1652710041,2022-05-15 19:46:03,2022-05-16 10:14:25
1652796441,2022-05-16 19:45:08,2022-05-17 10:15:23
1652882841,2022-05-17 19:44:16,2022-05-18 10:16:21
1652969241,2022-05-18 19:43:24,2022-05-19 10:17:19
1653055641,2022-05-19 19:42:35,2022-05-20 10:18:16
1653142041,2022-05-20 19:41:47,2022-05-21 10:19:12
1653228441,2022-05-21 19:41:01,2022-05-22 10:20:07
1653314841,2022-05-22 19:40:16,2022-05-23 10:21:01
1653401241,2022-05-23 19:39:34,2022-05-24 10:21:55
1653487641,2022-05-24 19:38:53,2022-05-25 10:22:48
1653574041,2022-05-25 19:38:14,2022-05-26 10:23:40
1653660441,2022-05-26 19:37:36,2022-05-27 10:24:31
1653746841,2022-05-27 19:37:01,2022-05-28 10:25:21
1653833241,2022-05-28 19:36:27,2022-05-29 10:26:10
1653919641,2022-05-29 19:35:56,2022-05-30 10:26:57
1654006041,2022-05-30 19:35:26,2022-05-31 10:27:44
1654092441,2022-05-31 19:34:58,2022-06-01 10:28:29
1654178841,2022-06-01 19:34:32,2022-06-02 10:29:14
1654265241,2022-06-02 19:34:08,2022-06-03 10:29:57
1654351641,2022-06-03 19:33:45,2022-06-04 10:30:38
1654438041,2022-06-04 19:33:25,2022-06-05 10:31:19
1654524441,2022-06-05 19:33:07,2022-06-06 10:31:58
1654610841,2022-06-06 19:32:50,2022-06-07 10:32:35
1654697241,2022-06-07 19:32:36,2022-06-08 10:33:11
1654783641,2022-06-08 19:32:23,2022-06-09 10:33:46
1654870041,2022-06-09 19:32:13,2022-06-10 10:34:19
1654956441,2022-06-10 19:32:04,2022-06-11 10:34:50
1655042841,2022-06-11 19:31:57,2022-06-12 10:35:20
1655129241,2022-06-12 19:31:53,2022-06-13 10:35:48
1655215641,2022-06-13 19:31:50,2022-06-14 10:36:15
1655302041,2022-06-14 19:31:49,2022-06-15 10:36:39
1655388441,2022-06-15 19:31:50,2022-06-16 10:37:02
1655474841,2022-06-16 19:31:53,2022-06-17 10:37:24
1655561241,2022-06-17 19:31:58,2022-06-18 10:37:43
1655647641,2022-06-18 19:32:05,2022-06-19 10:38:01
1655734041,2022-06-19 19:32:14,2022-06-20 10:38:16
1655820441,2022-06-20 19:32:24,2022-06-21 10:38:30
1655906841,2022-06-21 19:32:36,2022-06-22 10:38:42
1655993241,2022-06-22 19:32:51,2022-06-23 10:38:53
1656079641,2022-06-23 19:33:06,2022-06-24 10:39:01
1656166041,2022-06-24 19:33:24,2022-06-25 10:39:07
1656252441,2022-06-25 19:33:44,2022-06-26 10:39:11
1656338841,2022-06-26 19:34:05,2022-06-27 10:39:14
1656425241,2022-06-27 19:34:28,2022-06-28 10:39:14
1656511641,2022-06-28 19:34:52,2022-06-29 10:39:13
1656598041,2022-06-29 19:35:18,2022-06-30 10:39:09
1656684441,2022-06-30 19:35:46,2022-07-01 10:39:03
1656770841,2022-07-01 19:36:15,2022-07-02 10:38:56
1656857241,2022-07-02 19:36:46,2022-07-03 10:38:46
1656943641,2022-07-03 19:37:19,2022-07-04 10:38:35
1657030041,2022-07-04 19:37:52,2022-07-05 10:38:21
1657116441,2022-07-05 19:38:28,2022-07-06 10:38:06
1657202841,2022-07-06 19:39:04,2022-07-07 10:37:48
1657289241,2022-07-07 19:39:42,2022-07-08 10:37:28
1657375641,2022-07-08 19:40:21,2022-07-09 10:37:07
1657462041,2022-07-09 19:41:02,2022-07-10 10:36:43
1657548441,2022-07-10 19:41:44,2022-07-11 10:36:18
1657634841,2022-07-11 19:42:26,2022-07-12 10:35:51
1657721241,2022-07-12 19:43:10,2022-07-13 10:35:21
1657807641,2022-07-13 19:43:56,2022-07-14 10:34:50
1657894041,2022-07-14 19:44:42,2022-07-15 10:34:17
1657980441,2022-07-15 19:45:29,2022-07-16 10:33:42
1658066841,2022-07-16 19:46:17,2022-07-17 10:33:05
1658153241,2022-07-17 19:47:06,2022-07-18 10:32:26
1658239641,2022-07-18 19:47:56,2022-07-19 10:31:45
1658326041,2022-07-19 19:48:47,2022-07-20 10:31:03
1658412441,2022-07-20 19:49:38,2022-07-21 10:30:19
1658498841,2022-07-21 19:50:31,2022-07-22 10:29:33
1658585241,2022-07-22 19:51:24,2022-07-23 10:28:45
1658671641,2022-07-23 19:52:17,2022-07-24 10:27:55
1658758041,2022-07-24 19:53:12,2022-07-25 10:27:04
1658844441,2022-07-25 19:54:07,2022-07-26 10:26:11
1658930841,2022-07-26 19:55:02,2022-07-27 10:25:17
1659017241,2022-07-27 19:55:58,2022-07-28 10:24:20
1659103641,2022-07-28 19:56:55,2022-07-29 10:23:23
1659190041,2022-07-29 19:57:52,2022-07-30 10:22:23
1659276441,2022-07-30 19:58:49,2022-07-31 10:21:22
1659362841,2022-07-31 19:59:47,2022-08-01 10:20:20
1659449241,2022-08-01 20:00:45,2022-08-02 10:19:15
1659535641,2022-08-02 20:01:43,2022-08-03 10:18:10
1659622041,2022-08-03 20:02:42,2022-08-04 10:17:03
1659708441,2022-08-04 20:03:41,2022-08-05 10:15:54
1659794841,2022-08-05 20:04:40,2022-08-06 10:14:45
1659881241,2022-08-06 20:05:39,2022-08-07 10:13:33
1659967641,2022-08-07 20:06:38,2022-08-08 10:12:21
1660054041,2022-08-08 20:07:38,2022-08-09 10:11:07
1660140441,2022-08-09 20:08:38,2022-08-10 10:09:52
1660226841,2022-08-10 20:09:37,2022-08-11 10:08:35
1660313241,2022-08-11 20:10:37,2022-08-12 10:07:17
1660399641,2022-08-12 20:11:37,2022-08-13 10:05:59
1660486041,2022-08-13 20:12:37,2022-08-14 10:04:38
1660572441,2022-08-14 20:13:37,2022-08-15 10:03:17
1660658841,2022-08-15 20:14:37,2022-08-16 10:01:55
1660745241,2022-08-16 20:15:37,2022-08-17 10:00:31
1660831641,2022-08-17 20:16:37,2022-08-18 09:59:07
1660918041,2022-08-18 20:17:37,2022-08-19 09:57:41
1661004441,2022-08-19 20:18:37,2022-08-20 09:56:15
1661090841,2022-08-20 20:19:36,2022-08-21 09:54:47
1661177241,2022-08-21 20:20:36,2022-08-22 09:53:18
1661263641,2022-08-22 20:21:36,2022-08-23 09:51:49
1661350041,2022-08-23 20:22:35,2022-08-24 09:50:19
1661436441,2022-08-24 20:23:35,2022-08-25 09:48:47
1661522841,2022-08-25 20:24:34,2022-08-26 09:47:15
1661609241,2022-08-26 20:25:33,2022-08-27 09:45:43
1661695641,2022-08-27 20:26:32,2022-08-28 09:44:09
1661782041,2022-08-28 20:27:31,2022-08-29 09:42:35
1661868441,2022-08-29 20:28:30,2022-08-30 09:41:00
1661954841,2022-08-30 20:29:29,2022-08-31 09:39:24
1662041241,2022-08-31 20:30:28,2022-09-01 09:37:48
1662127641,2022-09-01 20:31:26,2022-09-02 09:36:11
1662214041,2022-09-02 20:32:25,2022-09-03 09:34:33
1662300441,2022-09-03 20:33:23,2022-09-04 09:32:55
1662386841,2022-09-04 20:34:22,2022-09-05 09:31:16
1662473241,2022-09-05 20:35:20,2022-09-06 09:29:37
1662559641,2022-09-06 20:36:18,2022-09-07 09:27:57
1662646041,2022-09-07 20:37:16,2022-09-08 09:26:17
1662732441,2022-09-08 20:38:14,2022-09-09 09:24:37
1662818841,2022-09-09 20:39:12,2022-09-10 09:22:56
1662905241,2022-09-10 20:40:10,2022-09-11 09:21:15
1662991641,2022-09-11 20:41:08,2022-09-12 09:19:34
1663078041,2022-09-12 20:42:06,2022-09-13 09:17:52
1663164441,2022-09-13 20:43:04,2022-09-14 09:16:10
1663250841,2022-09-14 20:44:03,2022-09-15 09:14:28
1663337241,2022-09-15 20:45:01,2022-09-16 09:12:46
1663423641,2022-09-16 20:45:59,2022-09-17 09:11:03
1663510041,2022-09-17 20:46:57,2022-09-18 09:09:21
1663596441,2022-09-18 20:47:55,2022-09-19 09:07:38
1663682841,2022-09-19 20:48:53,2022-09-20 09:05:55
1663769241,2022-09-20 20:49:52,2022-09-21 09:04:13
1663855641,2022-09-21 20:50:50,2022-09-22 09:02:30
1663942041,2022-09-22 20:51:49,2022-09-23 09:00:48
1664028441,2022-09-23 20:52:48,2022-09-24 08:59:05
1664114841,2022-09-24 20:53:47,2022-09-25 08:57:23
1664201241,2022-09-25 20:54:46,2022-09-26 08:55:41
1664287641,2022-09-26 20:55:45,2022-09-27 08:53:59
1664374041,2022-09-27 20:56:45,2022-09-28 08:52:17
1664460441,2022-09-28 20:57:45,2022-09-29 08:50:35
1664546841,2022-09-29 20:58:45,2022-09-30 08:48:54
1664633241,2022-09-30 20:59:45,2022-10-01 08:47:13
1664719641,2022-10-01 21:00:45,2022-10-02 08:45:33
1664806041,2022-10-02 21:01:46,2022-10-03 08:43:53
1664892441,2022-10-03 21:02:47,2022-10-04 08:42:13
1664978841,2022-10-04 21:03:48,2022-10-05 08:40:34
1665065241,2022-10-05 21:04:50,2022-10-06 08:38:55
1665151641,2022-10-06 21:05:52,2022-10-07 08:37:17
1665238041,2022-10-07 21:06:54,2022-10-08 08:35:39
1665324441,2022-10-08 21:07:57,2022-10-09 08:34:02
1665410841,2022-10-09 21:09:00,2022-10-10 08:32:26
1665497241,2022-10-10 21:10:03,2022-10-11 08:30:50
1665583641,2022-10-11 21:11:07,2022-10-12 08:29:15
1665670041,2022-10-12 21:12:11,2022-10-13 08:27:41
1665756441,2022-10-13 21:13:15,2022-10-14 08:26:08
1665842841,2022-10-14 21:14:20,2022-10-15 08:24:35
1665929241,2022-10-15 21:15:25,2022-10-16 08:23:03
1666015641,2022-10-16 21:16:31,2022-10-17 08:21:32
1666102041,2022-10-17 21:17:37,2022-10-18 08:20:02
1666188441,2022-10-18 21:18:43,2022-10-19 08:18:33
1666274841,2022-10-19 21:19:50,2022-10-20 08:17:05
1666361241,2022-10-20 21:20:57,2022-10-21 08:15:38
1666447641,2022-10-21 21:22:05,2022-10-22 08:14:12
1666534041,2022-10-22 21:23:13,2022-10-23 08:12:47
1666620441,2022-10-23 21:24:21,2022-10-24 08:11:23
1666706841,2022-10-24 21:25:30,2022-10-25 08:10:01
1666793241,2022-10-25 21:26:38,2022-10-26 08:08:39
1666879641,2022-10-26 21:27:48,2022-10-27 08:07:19
1666966041,2022-10-27 21:28:57,2022-10-28 08:06:00
1667052441,2022-10-28 21:30:07,2022-10-29 08:04:42
1667138841,2022-10-29 21:31:18,2022-10-30 08:03:26
1667225241,2022-10-30 21:32:28,2022-10-31 08:02:10
1667311641,2022-10-31 21:33:39,2022-11-01 08:00:57
1667398041,2022-11-01 21:34:50,2022-11-02 07:59:44
1667484441,2022-11-02 21:36:01,2022-11-03 07:58:34
1667570841,2022-11-03 21:37:13,2022-11-04 07:57:24
1667657241,2022-11-04 21:38:24,2022-11-05 07:56:16
1667743641,2022-11-05 21:39:36,2022-11-06 06:55:10
1667830041,2022-11-06 20:40:48,2022-11-07 06:54:05
1667916441,2022-11-07 20:42:00,2022-11-08 06:53:02
1668002841,2022-11-08 20:43:12,2022-11-09 06:52:00
1668089241,2022-11-09 20:44:24,2022-11-10 06:51:00
1668175641,2022-11-10 20:45:36,2022-11-11 06:50:02
1668262041,2022-11-11 20:46:48,2022-11-12 06:49:06
1668348441,2022-11-12 20:48:00,2022-11-13 06:48:11
1668434841,2022-11-13 20:49:11,2022-11-14 06:47:18
1668521241,2022-11-14 20:50:23,2022-11-15 06:46:27
1668607641,2022-11-15 20:51:34,2022-11-16 06:45:38
1668694041,2022-11-16 20:52:46,2022-11-17 06:44:50
1668780441,2022-11-17 20:53:56,2022-11-18 06:44:05
1668866841,2022-11-18 20:55:07,2022-11-19 06:43:21
1668953241,2022-11-19 20:56:17,2022-11-20 06:42:40
1669039641,2022-11-20 20:57:26,2022-11-21 06:42:00
1669126041,2022-11-21 20:58:36,2022-11-22 06:41:22
1669212441,2022-11-22 20:59:44,2022-11-23 06:40:47
1669298841,2022-11-23 21:00:52,2022-11-24 06:40:13
1669385241,2022-11-24 21:01:59,2022-11-25 06:39:42
1669471641,2022-11-25 21:03:06,2022-11-26 06:39:13
1669558041,2022-11-26 21:04:12,2022-11-27 06:38:45
1669644441,2022-11-27 21:05:17,2022-11-28 06:38:20
1669730841,2022-11-28 21:06:21,2022-11-29 06:37:57
1669817241,2022-11-29 21:07:24,2022-11-30 06:37:36
1669903641,2022-11-30 21:08:27,2022-12-01 06:37:18
1669990041,2022-12-01 21:09:28,2022-12-02 06:37:02
1670076441,2022-12-02 21:10:28,2022-12-03 06:36:47
1670162841,2022-12-03 21:11:27,2022-12-04 06:36:35
1670249241,2022-12-04 21:12:25,2022-12-05 06:36:26
1670335641,2022-12-05 21:13:21,2022-12-06 06:36:18
1670422041,2022-12-06 21:14:16,2022-12-07 06:36:13
1670508441,2022-12-07 21:15:10,2022-12-08 06:36:10
1670594841,2022-12-08 21:16:03,2022-12-09 06:36:09
1670681241,2022-12-09 21:16:54,2022-12-10 06:36:11
1670767641,2022-12-10 21:17:43,2022-12-11 06:36:15
1670854041,2022-12-11 21:18:31,2022-12-12 06:36:21
1670940441,2022-12-12 21:19:17,2022-12-13 06:36:29
1671026841,2022-12-13 21:20:02,2022-12-14 06:36:40
1671113241,2022-12-14 21:20:45,2022-12-15 06:36:53
1671199641,2022-12-15 21:21:26,2022-12-16 06:37:08
1671286041,2022-12-16 21:22:05,2022-12-17 06:37:25
1671372441,2022-12-17 21:22:42,2022-12-18 06:37:44
1671458841,2022-12-18 21:23:18,2022-12-19 06:38:06
1671545241,2022-12-19 21:23:52,2022-12-20 06:38:30
1671631641,2022-12-20 21:24:23,2022-12-21 06:38:56
1671718041,2022-12-21 21:24:53,2022-12-22 06:39:24
1671804441,2022-12-22 21:25:21,2022-12-23 06:39:54
1671890841,2022-12-23 21:25:46,2022-12-24 06:40:26
1671977241,2022-12-24 21:26:10,2022-12-25 06:41:00
1672063641,2022-12-25 21:26:32,2022-12-26 06:41:36
1672150041,2022-12-26 21:26:51,2022-12-27 06:42:14
1672236441,2022-12-27 21:27:08,2022-12-28 06:42:54
1672322841,2022-12-28 21:27:23,2022-12-29 06:43:36
1672409241,2022-12-29 21:27:36,2022-12-30 06:44:20
1672495641,2022-12-30 21:27:47,2022-12-31 06:45:05
1672582041,2022-12-31 21:27:56,2023-01-01 06:45:52
1672668441,2023-01-01 21:28:02,2023-01-02 06:46:41
1672754841,2023-01-02 21:28:06,2023-01-03 06:47:32
1672841241,2023-01-03 21:28:08,2023-01-04 06:48:24
1672927641,2023-01-04 21:28:08,2023-01-05 06:49:17
1673014041,2023-01-05 21:28:05,2023-01-06 06:50:13
1673100441,2023-01-06 21:28:00,2023-01-07 06:51:09
1673186841,2023-01-07 21:27:53,2023-01-08 06:52:07
1673273241,2023-01-08 21:27:44,2023-01-09 06:53:06
1673359641,2023-01-09 21:27:33,2023-01-10 06:54:07
1673446041,2023-01-10 21:27:19,2023-01-11 06:55:09
1673532441,2023-01-11 21:27:03,2023-01-12 06:56:12
1673618841,2023-01-12 21:26:45,2023-01-13 06:57:16
1673705241,2023-01-13 21:26:25,2023-01-14 06:58:21
1673791641,2023-01-14 21:26:03,2023-01-15 06:59:27
1673878041,2023-01-15 21:25:39,2023-01-16 07:00:34
1673964441,2023-01-16 21:25:12,2023-01-17 07:01:42
1674050841,2023-01-17 21:24:44,2023-01-18 07:02:50
1674137241,2023-01-18 21:24:13,2023-01-19 07:04:00
1674223641,2023-01-19 21:23:40,2023-01-20 07:05:10
1674310041,2023-01-20 21:23:05,2023-01-21 07:06:21
1674396441,2023-01-21 21:22:29,2023-01-22 07:07:32
1674482841,2023-01-22 21:21:50,2023-01-23 07:08:44
1674569241,2023-01-23 21:21:09,2023-01-24 07:09:57
1674655641,2023-01-24 21:20:26,2023-01-25 07:11:10
1674742041,2023-01-25 21:19:42,2023-01-26 07:12:23
1674828441,2023-01-26 21:18:55,2023-01-27 07:13:37
1674914841,2023-01-27 21:18:07,2023-01-28 07:14:51
1675001241,2023-01-28 21:17:17,2023-01-29 07:16:06
1675087641,2023-01-29 21:16:25,2023-01-30 07:17:20
1675174041,2023-01-30 21:15:31,2023-01-31 07:18:35
1675260441,2023-01-31 21:14:36,2023-02-01 07:19:50
1675346841,2023-02-01 21:13:39,2023-02-02 07:21:05
1675433241,2023-02-02 21:12:40,2023-02-03 07:22:20
1675519641,2023-02-03 21:11:39,2023-02-04 07:23:35
1675606041,2023-02-04 21:10:37,2023-02-05 07:24:50
1675692441,2023-02-05 21:09:33,2023-02-06 07:26:05
1675778841,2023-02-06 21:08:28,2023-02-07 07:27:20
1675865241,2023-02-07 21:07:21,2023-02-08 07:28:35
1675951641,2023-02-08 21:06:13,2023-02-09 07:29:49
1676038041,2023-02-09 21:05:03,2023-02-10 07:31:04
1676124441,2023-02-10 21:03:52,2023-02-11 07:32:18
1676210841,2023-02-11 21:02:39,2023-02-12 07:33:32
1676297241,2023-02-12 21:01:25,2023-02-13 07:34:46
1676383641,2023-02-13 21:00:10,2023-02-14 07:36:00
1676470041,2023-02-14 20:58:53,2023-02-15 07:37:13
1676556441,2023-02-15 20:57:35,2023-02-16 07:38:27
1676642841,2023-02-16 20:56:16,2023-02-17 07:39:39
1676729241,2023-02-17 20:54:56,2023-02-18 07:40:52
1676815641,2023-02-18 20:53:34,2023-02-19 07:42:04
1676902041,2023-02-19 20:52:12,2023-02-20 07:43:16
1676988441,2023-02-20 20:50:48,2023-02-21 07:44:28
1677074841,2023-02-21 20:49:23,2023-02-22 07:45:39
1677161241,2023-02-22 20:47:57,2023-02-23 07:46:50
1677247641,2023-02-23 20:46:30,2023-02-24 07:48:00
1677334041,2023-02-24 20:45:03,2023-02-25 07:49:10
1677420441,2023-02-25 20:43:34,2023-02-26 07:50:20
1677506841,2023-02-26 20:42:04,2023-02-27 07:51:29
1677593241,2023-02-27 20:40:34,2023-02-28 07:52:39
1677679641,2023-02-28 20:39:03,2023-03-01 07:53:47
1677766041,2023-03-01 20:37:30,2023-03-02 07:54:56
